job_title,experience_years,education_level,skills_count,industry,company_size,location,salary
Software Engineer,1,High School,19,Telecom,Enterprise,Germany,103455
DevOps Engineer,6,Bachelor,11,Technology,Enterprise,Netherlands,131782
Frontend Developer,1,Bachelor,8,Technology,Medium,UK,84082
Data Analyst,8,High School,5,Technology,Small,USA,95011
Software Engineer,10,Bachelor,20,Finance,Large,USA,239911
Data Scientist,4,Master,9,Technology,Medium,UK,194326
Software Engineer,14,Bachelor,15,Consulting,Large,USA,325531
Cloud Engineer,11,Bachelor,14,Technology,Medium,Remote,170278
DevOps Engineer,6,High School,4,Technology,Large,Remote,105820
AI Engineer,4,Master,8,Consulting,Enterprise,India,75012
Data Analyst,9,High School,20,Healthcare,Large,Germany,86225
Data Analyst,14,Bachelor,17,Technology,Large,Germany,130686
Machine Learning Engineer,6,Bachelor,2,Technology,Large,Canada,249310
Data Scientist,3,Bachelor,20,Technology,Large,USA,163349
Software Engineer,8,High School,16,Technology,Medium,Netherlands,115401
Software Engineer,5,Bachelor,10,Retail,Medium,India,36613
Machine Learning Engineer,2,Bachelor,2,Education,Small,USA,162548
Software Engineer,3,High School,11,Manufacturing,Medium,USA,132459
Data Scientist,10,Bachelor,10,Technology,Enterprise,USA,262931
Data Scientist,4,Bachelor,19,Finance,Medium,Remote,213130
Software Engineer,3,Bachelor,14,Technology,Medium,USA,201834
Machine Learning Engineer,12,Diploma,11,Technology,Large,UK,235919
Data Analyst,10,Bachelor,9,Consulting,Medium,Canada,159469
Software Engineer,3,Bachelor,7,Media,Small,USA,158180
Software Engineer,16,Master,15,Technology,Medium,Australia,229926
Business Analyst,4,Master,20,Telecom,Large,India,40268
Data Scientist,6,Bachelor,17,Consulting,Large,USA,203148
Software Engineer,5,PhD,3,Government,Medium,USA,146191
Data Analyst,2,Bachelor,15,Technology,Large,USA,104697
Cloud Engineer,4,Bachelor,14,Technology,Medium,India,59308
Data Scientist,4,Diploma,8,Government,Enterprise,Australia,182291
Data Analyst,0,Bachelor,4,Media,Startup,UK,71773
Cybersecurity Analyst,6,Master,10,Finance,Small,Germany,166139
Backend Developer,9,Bachelor,2,Finance,Large,USA,185660
Product Manager,1,Bachelor,14,Retail,Large,India,53113
Product Manager,8,Bachelor,8,Technology,Small,Remote,170071
Data Analyst,10,Master,10,Manufacturing,Medium,UK,159784
Business Analyst,4,Bachelor,18,Technology,Large,UK,110279
Business Analyst,16,PhD,15,Technology,Large,India,55003
Backend Developer,6,Diploma,5,Technology,Large,Sweden,118252
Frontend Developer,0,High School,13,Technology,Enterprise,USA,101919
Frontend Developer,1,Master,18,Retail,Large,India,41828
DevOps Engineer,6,Bachelor,2,Manufacturing,Large,Canada,144844
Data Analyst,8,Bachelor,13,Education,Large,USA,150655
AI Engineer,5,Bachelor,14,Education,Large,Remote,253752
DevOps Engineer,6,PhD,10,Consulting,Large,USA,249707
Cybersecurity Analyst,5,Master,4,Technology,Large,USA,249460
Software Engineer,2,Bachelor,15,Education,Medium,Germany,119987
Software Engineer,5,Bachelor,8,Media,Small,India,51203
DevOps Engineer,1,Diploma,15,Technology,Large,USA,157219
Software Engineer,3,Bachelor,14,Manufacturing,Large,Canada,142362
Data Scientist,7,Diploma,9,Technology,Medium,USA,185573
Data Analyst,2,Diploma,20,Finance,Large,Germany,97717
Software Engineer,4,Diploma,3,Technology,Medium,India,34874
Backend Developer,5,Bachelor,15,Healthcare,Medium,UK,151573
Software Engineer,16,Diploma,17,Technology,Medium,Germany,167143
Cybersecurity Analyst,10,Diploma,16,Media,Enterprise,India,58179
Business Analyst,1,Master,4,Manufacturing,Large,USA,127904
Frontend Developer,18,Master,11,Consulting,Small,USA,251993
Backend Developer,12,Master,8,Consulting,Enterprise,India,76394
Cloud Engineer,6,Bachelor,3,Government,Enterprise,UK,167212
Data Analyst,9,Bachelor,19,Technology,Startup,India,31852
Cloud Engineer,2,Bachelor,14,Healthcare,Small,USA,91227
Data Scientist,4,Diploma,9,Consulting,Startup,India,36498
Software Engineer,2,Bachelor,3,Technology,Large,Sweden,150066
DevOps Engineer,7,Bachelor,4,Technology,Medium,India,40891
Business Analyst,22,Master,4,Retail,Startup,Singapore,202617
Frontend Developer,3,Master,11,Consulting,Medium,Netherlands,133805
Business Analyst,4,Diploma,19,Healthcare,Medium,USA,119542
Software Engineer,5,Master,16,Healthcare,Large,Remote,228742
Data Analyst,3,Bachelor,17,Technology,Large,India,25000
Software Engineer,7,Bachelor,10,Technology,Medium,USA,196000
Frontend Developer,10,Diploma,17,Technology,Enterprise,USA,179856
Software Engineer,3,Diploma,16,Healthcare,Large,USA,129480
Frontend Developer,5,Diploma,20,Government,Large,USA,180991
Backend Developer,8,Bachelor,6,Retail,Large,India,57346
Software Engineer,2,Diploma,7,Technology,Startup,Australia,101142
Backend Developer,1,Bachelor,14,Government,Medium,Netherlands,89587
Software Engineer,3,PhD,11,Technology,Large,USA,249458
Software Engineer,8,Bachelor,12,Government,Medium,USA,195788
Software Engineer,2,Bachelor,14,Technology,Enterprise,USA,208029
Software Engineer,3,Bachelor,5,Education,Enterprise,Australia,132777
Data Scientist,5,Diploma,5,Consulting,Large,Australia,177153
Data Analyst,5,Bachelor,20,Technology,Medium,USA,127129
Software Engineer,4,High School,15,Finance,Large,USA,126647
Data Scientist,5,Bachelor,1,Technology,Enterprise,USA,279166
Backend Developer,1,Diploma,9,Healthcare,Small,USA,105274
Cloud Engineer,3,PhD,3,Telecom,Large,Singapore,160345
Data Analyst,9,High School,4,Finance,Enterprise,UK,288689
Software Engineer,2,Bachelor,16,Technology,Large,Canada,188918
Data Analyst,5,Bachelor,7,Technology,Startup,Germany,104429
Software Engineer,5,High School,14,Consulting,Medium,Australia,107666
Frontend Developer,8,Master,16,Technology,Startup,Germany,136351
Backend Developer,9,Diploma,18,Technology,Startup,Canada,91715
Frontend Developer,11,Master,16,Finance,Small,India,45351
Software Engineer,13,Diploma,16,Consulting,Large,USA,212104
Frontend Developer,2,Diploma,2,Technology,Large,Germany,98023
AI Engineer,0,Bachelor,10,Finance,Large,USA,191911
Business Analyst,3,Diploma,7,Technology,Enterprise,Singapore,60514
Cybersecurity Analyst,2,PhD,15,Technology,Medium,Singapore,112243
Software Engineer,2,High School,9,Consulting,Small,Sweden,83161
Data Scientist,7,Bachelor,7,Technology,Small,Canada,187660
Backend Developer,10,Master,16,Technology,Large,USA,215977
Frontend Developer,6,Bachelor,3,Technology,Small,USA,135270
Backend Developer,2,Bachelor,17,Education,Medium,Singapore,128593
Frontend Developer,6,Bachelor,8,Technology,Medium,USA,158997
Data Scientist,8,Diploma,2,Education,Large,USA,255609
Machine Learning Engineer,1,Master,20,Healthcare,Large,USA,221865
Cloud Engineer,3,Master,3,Healthcare,Medium,USA,219609
Cybersecurity Analyst,4,Bachelor,8,Technology,Enterprise,USA,181779
Business Analyst,4,Bachelor,2,Technology,Small,Germany,65837
Business Analyst,2,Bachelor,19,Healthcare,Large,Germany,100019
Business Analyst,6,PhD,17,Technology,Enterprise,USA,180390
Frontend Developer,6,Diploma,5,Education,Large,UK,123955
Data Analyst,2,Bachelor,20,Education,Enterprise,Canada,131859
Frontend Developer,12,Master,17,Consulting,Medium,India,47548
Frontend Developer,1,Master,10,Finance,Large,USA,131383
Software Engineer,2,Bachelor,9,Technology,Enterprise,Sweden,126462
Cybersecurity Analyst,1,Bachelor,6,Consulting,Medium,India,25000
Software Engineer,1,Diploma,11,Finance,Medium,USA,116896
Data Analyst,5,Bachelor,2,Healthcare,Medium,UK,124629
Machine Learning Engineer,2,Bachelor,12,Technology,Medium,USA,211452
Software Engineer,9,Master,12,Government,Medium,India,66134
Data Analyst,2,High School,16,Education,Startup,USA,81532
Software Engineer,2,Bachelor,12,Technology,Enterprise,USA,172117
Machine Learning Engineer,8,Master,18,Technology,Enterprise,India,77336
Data Analyst,1,Master,13,Finance,Large,Canada,94076
DevOps Engineer,3,Bachelor,15,Technology,Medium,Remote,146121
Backend Developer,12,Bachelor,16,Education,Large,UK,219811
Software Engineer,0,Bachelor,4,Retail,Medium,USA,109958
Software Engineer,1,High School,12,Consulting,Large,Singapore,96885
Software Engineer,13,Bachelor,17,Technology,Small,India,53815
Software Engineer,6,Master,1,Finance,Medium,Netherlands,138375
Product Manager,6,Master,18,Technology,Large,UK,253791
Software Engineer,1,Bachelor,16,Telecom,Large,India,25612
Data Analyst,5,Bachelor,1,Healthcare,Medium,Singapore,102457
Software Engineer,2,Master,10,Technology,Large,India,31502
Cloud Engineer,9,Bachelor,19,Retail,Large,Netherlands,207860
Data Analyst,9,Bachelor,16,Technology,Medium,India,38247
Business Analyst,3,Bachelor,14,Technology,Medium,Canada,73921
Software Engineer,7,PhD,2,Finance,Large,USA,186905
Data Analyst,6,Bachelor,6,Technology,Enterprise,USA,118719
Software Engineer,4,Bachelor,5,Finance,Medium,India,40995
Data Analyst,2,Bachelor,12,Technology,Medium,Australia,86980
Software Engineer,3,High School,4,Media,Large,Canada,106806
Software Engineer,9,Master,4,Technology,Medium,Germany,182196
Backend Developer,12,Master,5,Finance,Medium,Canada,184118
AI Engineer,3,Master,7,Technology,Enterprise,Germany,268838
AI Engineer,13,Bachelor,6,Technology,Enterprise,USA,350000
Machine Learning Engineer,6,PhD,13,Technology,Enterprise,UK,214695
Software Engineer,4,High School,4,Technology,Small,India,25000
Software Engineer,4,Bachelor,13,Education,Startup,Netherlands,95990
Data Analyst,2,Diploma,4,Finance,Large,Canada,115441
Software Engineer,7,Master,10,Technology,Small,USA,195152
Data Scientist,14,Master,20,Technology,Medium,USA,337230
Product Manager,4,Bachelor,1,Technology,Medium,Netherlands,197783
Software Engineer,2,Bachelor,8,Technology,Large,USA,208163
Software Engineer,8,PhD,7,Healthcare,Enterprise,USA,257794
Software Engineer,3,PhD,5,Technology,Large,UK,167233
Software Engineer,2,High School,3,Government,Medium,India,26855
Frontend Developer,1,Bachelor,15,Finance,Medium,USA,112520
Frontend Developer,7,Bachelor,17,Technology,Large,Canada,227812
Software Engineer,11,Bachelor,13,Finance,Medium,Singapore,130729
Software Engineer,1,Bachelor,15,Technology,Small,UK,109439
Software Engineer,3,Master,19,Telecom,Medium,USA,183795
Cloud Engineer,4,Bachelor,20,Telecom,Large,India,46370
AI Engineer,2,PhD,14,Technology,Large,Germany,257494
Frontend Developer,13,Bachelor,13,Technology,Large,India,43468
Software Engineer,1,Bachelor,12,Media,Large,Singapore,127546
Product Manager,6,Bachelor,9,Technology,Medium,Netherlands,154270
Data Analyst,7,Diploma,3,Finance,Large,Germany,122506
Frontend Developer,2,Bachelor,11,Finance,Medium,USA,140835
Frontend Developer,2,Bachelor,10,Healthcare,Large,USA,118332
Cloud Engineer,2,Bachelor,1,Technology,Enterprise,UK,189417
Data Analyst,0,Bachelor,17,Education,Medium,USA,108140
Business Analyst,3,Bachelor,13,Finance,Medium,Singapore,76849
Frontend Developer,3,Diploma,14,Healthcare,Medium,UK,96609
DevOps Engineer,17,Diploma,1,Technology,Enterprise,USA,224023
Software Engineer,0,Master,2,Technology,Small,UK,99531
Backend Developer,4,Master,2,Finance,Medium,USA,175184
DevOps Engineer,8,Bachelor,7,Technology,Large,Australia,350000
Software Engineer,15,High School,9,Finance,Medium,USA,175075
Software Engineer,1,Master,4,Technology,Large,USA,137353
AI Engineer,16,Bachelor,2,Technology,Large,India,96746
Software Engineer,3,Diploma,19,Technology,Enterprise,USA,123505
Frontend Developer,3,Bachelor,5,Technology,Medium,Netherlands,104568
Frontend Developer,1,Bachelor,9,Media,Medium,USA,93850
Data Analyst,5,Bachelor,13,Telecom,Small,USA,115656
Software Engineer,16,Diploma,12,Technology,Startup,India,44777
Frontend Developer,5,Bachelor,19,Finance,Enterprise,Canada,176847
Software Engineer,2,Bachelor,9,Technology,Enterprise,Remote,190191
Product Manager,2,Bachelor,10,Manufacturing,Large,USA,237078
DevOps Engineer,2,Diploma,19,Technology,Medium,Singapore,82093
Data Scientist,13,Bachelor,10,Finance,Medium,UK,238614
Business Analyst,15,Master,12,Consulting,Enterprise,USA,344384
Software Engineer,1,Master,14,Technology,Large,Netherlands,138481
Data Analyst,1,Bachelor,8,Finance,Medium,USA,203592
Frontend Developer,2,Master,16,Consulting,Medium,USA,152054
Cybersecurity Analyst,3,Bachelor,17,Technology,Enterprise,India,48622
Data Scientist,18,Diploma,20,Technology,Large,USA,292041
Software Engineer,16,Master,4,Finance,Large,USA,347948
Business Analyst,4,Bachelor,6,Technology,Large,Germany,113021
Business Analyst,3,Master,12,Technology,Large,Germany,91494
Data Analyst,0,Diploma,18,Education,Medium,Germany,66378
Data Analyst,5,PhD,7,Manufacturing,Small,USA,124637
DevOps Engineer,5,Diploma,5,Technology,Large,UK,117203
Data Analyst,1,Bachelor,10,Technology,Large,UK,78913
Cloud Engineer,6,Bachelor,6,Retail,Large,India,47435
AI Engineer,9,Diploma,14,Healthcare,Enterprise,India,67845
Business Analyst,1,Bachelor,6,Finance,Enterprise,India,29882
Cybersecurity Analyst,3,Bachelor,14,Media,Small,India,25000
Software Engineer,9,Bachelor,12,Manufacturing,Large,Canada,197435
Software Engineer,2,Bachelor,12,Education,Small,USA,136927
Software Engineer,3,Bachelor,8,Finance,Small,UK,112660
Cybersecurity Analyst,3,Diploma,10,Technology,Large,USA,182321
Product Manager,7,Bachelor,16,Technology,Enterprise,Remote,274034
Cybersecurity Analyst,10,Bachelor,20,Healthcare,Medium,India,62709
DevOps Engineer,14,Bachelor,8,Technology,Enterprise,USA,312920
Frontend Developer,10,Bachelor,9,Government,Medium,USA,163231
Data Analyst,4,Bachelor,13,Retail,Large,UK,119826
Software Engineer,7,Bachelor,20,Technology,Large,UK,156005
Software Engineer,1,High School,17,Government,Enterprise,UK,101792
Software Engineer,19,Bachelor,19,Technology,Large,India,78206
Software Engineer,2,Master,17,Finance,Large,Germany,163871
Product Manager,7,Bachelor,7,Healthcare,Enterprise,USA,285425
Data Analyst,5,Diploma,1,Technology,Large,USA,189161
Software Engineer,1,Diploma,20,Government,Enterprise,India,36872
Software Engineer,2,PhD,14,Telecom,Large,Remote,133255
DevOps Engineer,11,Master,17,Technology,Enterprise,USA,350000
Data Analyst,4,Bachelor,13,Government,Enterprise,India,45282
Data Analyst,2,Bachelor,2,Education,Enterprise,USA,151123
Machine Learning Engineer,3,PhD,14,Technology,Large,Canada,207704
Frontend Developer,2,Diploma,1,Technology,Large,USA,144972
Product Manager,3,Bachelor,5,Technology,Medium,Australia,202854
Data Scientist,1,Bachelor,7,Technology,Medium,Netherlands,125894
Machine Learning Engineer,4,Bachelor,19,Government,Enterprise,UK,156272
Data Analyst,5,Bachelor,14,Technology,Startup,USA,58322
DevOps Engineer,3,High School,14,Government,Large,Singapore,130148
Backend Developer,11,Diploma,15,Technology,Medium,USA,162955
Backend Developer,3,Bachelor,5,Healthcare,Large,UK,145785
Cloud Engineer,4,Master,5,Consulting,Large,USA,194849
DevOps Engineer,2,PhD,2,Telecom,Enterprise,UK,163856
Data Analyst,3,Diploma,18,Technology,Large,Germany,78143
Software Engineer,8,Master,9,Finance,Small,USA,182676
Software Engineer,1,Master,10,Technology,Medium,USA,173090
Software Engineer,6,Master,18,Technology,Large,Netherlands,170326
Backend Developer,2,Bachelor,4,Technology,Enterprise,India,38112
Software Engineer,1,Master,8,Manufacturing,Enterprise,USA,162670
Backend Developer,3,Diploma,18,Technology,Large,USA,162382
Machine Learning Engineer,7,Diploma,20,Consulting,Enterprise,India,72838
Backend Developer,3,Bachelor,17,Technology,Medium,India,42128
Product Manager,2,Bachelor,16,Media,Large,USA,177626
Backend Developer,16,Master,18,Healthcare,Medium,UK,304500
Software Engineer,6,Bachelor,7,Finance,Large,India,76317
Software Engineer,5,Bachelor,1,Technology,Large,India,50730
Business Analyst,7,Bachelor,1,Finance,Enterprise,Netherlands,128900
Data Scientist,7,Diploma,18,Telecom,Enterprise,India,39137
AI Engineer,3,Master,4,Technology,Large,USA,338784
Software Engineer,8,Master,20,Finance,Large,Singapore,254805
Software Engineer,1,Bachelor,20,Education,Large,Germany,139771
Software Engineer,7,Bachelor,4,Education,Medium,USA,159839
DevOps Engineer,3,Master,6,Manufacturing,Medium,India,48741
Software Engineer,11,Diploma,3,Consulting,Large,Canada,182174
Data Scientist,3,Bachelor,6,Finance,Medium,USA,144763
Data Analyst,9,Master,13,Technology,Medium,Australia,121207
Cloud Engineer,6,Master,7,Technology,Large,Canada,247272
Software Engineer,8,Diploma,4,Consulting,Medium,UK,107215
AI Engineer,5,Diploma,1,Technology,Medium,Singapore,278034
Software Engineer,0,Diploma,6,Consulting,Enterprise,USA,104116
AI Engineer,10,Bachelor,5,Technology,Large,USA,257189
Data Analyst,11,Master,13,Technology,Medium,USA,183889
Machine Learning Engineer,3,Master,19,Consulting,Small,India,33222
Product Manager,2,Bachelor,4,Technology,Large,Australia,157176
Backend Developer,9,Master,6,Healthcare,Medium,Canada,179423
Software Engineer,6,Diploma,13,Education,Large,USA,149284
Machine Learning Engineer,4,Bachelor,5,Technology,Large,UK,177952
Software Engineer,7,Bachelor,13,Technology,Large,India,58768
DevOps Engineer,3,Master,10,Education,Large,Canada,148292
Software Engineer,11,Bachelor,3,Technology,Small,UK,171524
Software Engineer,3,Bachelor,13,Technology,Large,UK,94879
Data Scientist,9,Master,12,Technology,Large,UK,199334
Data Analyst,5,Master,4,Consulting,Large,Germany,103117
Backend Developer,6,Diploma,10,Telecom,Enterprise,India,38375
Backend Developer,15,Diploma,3,Technology,Medium,USA,178790
Software Engineer,3,Bachelor,17,Healthcare,Medium,Sweden,110790
Data Analyst,8,Bachelor,9,Media,Small,USA,140667
Business Analyst,13,Bachelor,1,Media,Small,UK,119930
Product Manager,8,High School,18,Technology,Enterprise,India,55937
Software Engineer,11,Bachelor,9,Technology,Medium,Germany,166461
Backend Developer,5,Master,20,Finance,Large,India,53576
Software Engineer,8,Diploma,9,Technology,Startup,USA,165128
DevOps Engineer,9,Bachelor,2,Healthcare,Medium,Netherlands,146734
Business Analyst,5,Master,19,Media,Enterprise,India,40546
Product Manager,2,Master,16,Government,Large,UK,217046
Software Engineer,2,Master,3,Telecom,Medium,USA,127685
DevOps Engineer,14,PhD,16,Consulting,Enterprise,USA,350000
Cloud Engineer,13,Diploma,13,Technology,Enterprise,USA,281830
Software Engineer,2,Master,3,Technology,Startup,Singapore,104604
DevOps Engineer,11,Master,10,Education,Enterprise,Sweden,294785
DevOps Engineer,7,Diploma,18,Finance,Medium,India,48078
Software Engineer,5,Diploma,6,Manufacturing,Large,USA,197035
DevOps Engineer,2,Bachelor,6,Technology,Large,Canada,162831
Data Analyst,4,High School,18,Technology,Large,Australia,97276
Software Engineer,2,Diploma,6,Manufacturing,Large,Netherlands,99012
Software Engineer,4,Bachelor,6,Telecom,Large,USA,163249
Software Engineer,2,PhD,13,Technology,Medium,UK,146449
Backend Developer,1,Bachelor,14,Healthcare,Medium,India,36872
Software Engineer,11,Bachelor,7,Retail,Large,USA,278366
Software Engineer,4,Bachelor,13,Technology,Small,UK,126607
Data Analyst,6,Diploma,15,Finance,Medium,Canada,80641
Business Analyst,3,Master,12,Technology,Enterprise,USA,141904
Cybersecurity Analyst,4,Bachelor,1,Government,Medium,Netherlands,151458
Cybersecurity Analyst,2,Bachelor,3,Technology,Large,USA,124647
Backend Developer,14,Bachelor,18,Technology,Large,India,67191
AI Engineer,9,Bachelor,8,Technology,Startup,USA,244147
Data Analyst,3,Master,2,Technology,Small,USA,127615
Software Engineer,2,Bachelor,4,Technology,Small,USA,134512
Software Engineer,1,Bachelor,18,Technology,Medium,India,32120
Business Analyst,5,Bachelor,13,Telecom,Small,Germany,70261
Backend Developer,8,Master,15,Consulting,Small,Canada,135750
Cloud Engineer,8,Bachelor,2,Consulting,Large,USA,274839
Backend Developer,3,PhD,10,Government,Enterprise,India,34836
Cybersecurity Analyst,4,Master,2,Technology,Small,Canada,138480
DevOps Engineer,2,Bachelor,12,Education,Large,India,42424
Business Analyst,2,Bachelor,5,Technology,Startup,Canada,85368
Backend Developer,11,Bachelor,12,Technology,Large,UK,237691
Software Engineer,0,Bachelor,1,Retail,Large,Canada,98410
Software Engineer,0,High School,2,Finance,Large,Australia,91021
Backend Developer,2,Bachelor,16,Technology,Enterprise,Germany,145937
Data Analyst,14,Bachelor,2,Technology,Medium,Australia,137552
Software Engineer,5,Master,16,Finance,Enterprise,UK,192286
Software Engineer,22,Diploma,20,Technology,Startup,USA,174730
Product Manager,3,Master,16,Technology,Startup,USA,89995
AI Engineer,8,Bachelor,6,Technology,Medium,Singapore,153300
Data Analyst,10,Bachelor,13,Education,Large,USA,187360
Data Analyst,19,Master,12,Finance,Startup,Remote,203436
Software Engineer,3,High School,10,Finance,Large,USA,134459
DevOps Engineer,5,Diploma,5,Technology,Enterprise,UK,114978
Backend Developer,4,Bachelor,8,Technology,Large,USA,278427
Backend Developer,8,Bachelor,6,Technology,Medium,USA,222780
Software Engineer,13,Bachelor,5,Finance,Medium,Remote,158338
DevOps Engineer,13,Master,20,Consulting,Small,USA,201735
Machine Learning Engineer,2,Bachelor,6,Consulting,Enterprise,Sweden,132271
Data Scientist,2,Bachelor,17,Technology,Medium,USA,158756
Machine Learning Engineer,8,Master,6,Media,Small,USA,185892
Software Engineer,1,Bachelor,17,Technology,Medium,UK,124536
Machine Learning Engineer,8,Diploma,5,Finance,Medium,Remote,191972
DevOps Engineer,5,Bachelor,17,Telecom,Medium,Germany,166730
Data Analyst,12,Diploma,17,Healthcare,Medium,USA,165360
Backend Developer,10,Bachelor,13,Technology,Large,UK,219633
Software Engineer,5,Master,7,Consulting,Medium,Netherlands,125771
Software Engineer,1,Bachelor,6,Media,Small,UK,176393
Software Engineer,1,Bachelor,14,Healthcare,Medium,India,40200
Software Engineer,5,High School,16,Technology,Medium,USA,150482
DevOps Engineer,7,High School,3,Technology,Large,Netherlands,151305
Software Engineer,3,Bachelor,9,Finance,Enterprise,USA,200745
Backend Developer,2,Bachelor,15,Consulting,Enterprise,USA,152887
Cybersecurity Analyst,4,Bachelor,18,Technology,Medium,USA,202848
Software Engineer,12,Bachelor,10,Consulting,Large,Singapore,222994
Cybersecurity Analyst,4,Bachelor,10,Government,Medium,USA,208099
Backend Developer,3,Bachelor,3,Technology,Enterprise,India,40526
Frontend Developer,1,Diploma,1,Telecom,Medium,USA,123535
Backend Developer,4,Master,3,Technology,Enterprise,Sweden,177442
Software Engineer,10,Bachelor,5,Technology,Large,Australia,194516
Data Scientist,11,Master,7,Government,Large,USA,350000
Software Engineer,2,Bachelor,3,Technology,Medium,USA,156943
Backend Developer,5,Bachelor,4,Technology,Large,Canada,146993
Data Analyst,2,Bachelor,17,Healthcare,Medium,Remote,100259
Software Engineer,3,Master,3,Consulting,Medium,India,37593
Software Engineer,4,Bachelor,4,Technology,Large,Canada,157503
Software Engineer,3,PhD,2,Manufacturing,Large,USA,238553
Software Engineer,14,PhD,14,Technology,Large,Netherlands,285501
Frontend Developer,3,PhD,5,Media,Medium,India,42360
Data Scientist,2,Bachelor,2,Education,Large,USA,171802
Backend Developer,2,Bachelor,15,Technology,Medium,Germany,118510
DevOps Engineer,1,High School,11,Technology,Large,Netherlands,111901
Machine Learning Engineer,15,Bachelor,10,Telecom,Large,USA,229808
Software Engineer,4,Bachelor,20,Manufacturing,Enterprise,Canada,190284
Software Engineer,7,PhD,1,Technology,Medium,Germany,178762
Software Engineer,6,Bachelor,19,Manufacturing,Large,India,54543
Backend Developer,3,Bachelor,14,Technology,Medium,UK,132898
Software Engineer,4,Master,14,Technology,Large,Germany,182391
Backend Developer,8,Bachelor,1,Telecom,Enterprise,USA,208886
Data Analyst,1,Bachelor,9,Finance,Enterprise,India,33428
Product Manager,3,Bachelor,17,Technology,Medium,USA,214798
DevOps Engineer,4,PhD,14,Finance,Medium,Germany,156713
Data Scientist,3,High School,13,Consulting,Large,USA,162716
AI Engineer,3,Master,13,Technology,Large,Canada,180970
Data Scientist,5,Bachelor,6,Retail,Large,USA,223140
Frontend Developer,12,Diploma,7,Technology,Startup,USA,114837
Software Engineer,6,Diploma,2,Finance,Large,India,39541
Software Engineer,2,Bachelor,8,Technology,Enterprise,Netherlands,144776
Frontend Developer,25,Diploma,6,Finance,Large,USA,350000
DevOps Engineer,12,Master,3,Technology,Startup,USA,193720
Data Scientist,3,Bachelor,18,Healthcare,Medium,USA,199711
Software Engineer,12,Bachelor,18,Media,Enterprise,India,78750
Product Manager,5,Bachelor,6,Telecom,Enterprise,USA,221761
Product Manager,1,Bachelor,11,Technology,Large,USA,151585
Software Engineer,11,Diploma,3,Technology,Medium,Netherlands,142424
Data Scientist,2,Bachelor,16,Manufacturing,Startup,USA,127756
Software Engineer,7,Diploma,5,Finance,Large,Netherlands,125102
Business Analyst,5,Master,2,Technology,Large,Sweden,124483
Frontend Developer,7,Master,15,Technology,Medium,USA,236548
Software Engineer,15,Diploma,16,Consulting,Enterprise,USA,225374
Software Engineer,4,Bachelor,7,Technology,Small,USA,120921
Business Analyst,1,Bachelor,16,Technology,Large,UK,87520
Backend Developer,2,PhD,4,Technology,Medium,Remote,137212
DevOps Engineer,1,Bachelor,16,Healthcare,Large,Singapore,183692
Software Engineer,1,Bachelor,17,Technology,Large,USA,151540
Software Engineer,10,Bachelor,2,Government,Large,Germany,165351
Backend Developer,5,Diploma,16,Finance,Medium,India,42501
Backend Developer,4,Bachelor,4,Telecom,Small,Netherlands,112796
Data Analyst,3,Bachelor,7,Technology,Enterprise,Canada,153044
Business Analyst,9,High School,18,Technology,Enterprise,UK,92985
Frontend Developer,13,Bachelor,6,Technology,Small,India,47345
Data Scientist,2,Bachelor,18,Technology,Startup,Germany,102990
Software Engineer,7,High School,7,Technology,Enterprise,Netherlands,162143
Software Engineer,10,Bachelor,2,Technology,Large,Australia,216325
Business Analyst,6,High School,19,Technology,Large,Canada,94386
Data Analyst,8,Bachelor,9,Manufacturing,Enterprise,USA,174041
Software Engineer,1,PhD,4,Technology,Enterprise,USA,196213
Machine Learning Engineer,14,Diploma,14,Retail,Large,Singapore,177022
Backend Developer,9,Master,5,Finance,Enterprise,India,61722
Frontend Developer,7,Master,7,Manufacturing,Large,Sweden,196361
Data Scientist,9,Bachelor,8,Retail,Enterprise,USA,270924
Software Engineer,3,Bachelor,15,Technology,Enterprise,UK,165378
Business Analyst,2,High School,19,Retail,Enterprise,India,25000
Software Engineer,1,Bachelor,11,Education,Startup,USA,125511
DevOps Engineer,1,Master,20,Technology,Medium,USA,159573
Data Scientist,6,Bachelor,4,Technology,Medium,UK,128358
AI Engineer,3,Master,18,Technology,Large,USA,294802
Software Engineer,13,Master,14,Technology,Medium,USA,324863
Software Engineer,11,Bachelor,6,Technology,Large,UK,185460
Backend Developer,9,Bachelor,16,Technology,Large,USA,236228
Cybersecurity Analyst,7,Diploma,18,Government,Enterprise,USA,224609
Data Analyst,2,Master,1,Technology,Small,USA,78200
Data Scientist,3,Diploma,8,Finance,Large,USA,143504
Cloud Engineer,2,PhD,1,Government,Large,India,65175
Software Engineer,1,Diploma,1,Finance,Medium,India,25517
Software Engineer,4,Master,19,Consulting,Large,USA,258088
Frontend Developer,10,Master,10,Government,Medium,USA,155177
Machine Learning Engineer,4,Bachelor,18,Technology,Medium,India,54378
Backend Developer,2,Diploma,12,Finance,Large,USA,134970
Frontend Developer,4,Bachelor,17,Technology,Small,UK,106742
Data Scientist,5,Bachelor,1,Technology,Enterprise,USA,310231
AI Engineer,3,Bachelor,8,Media,Medium,UK,132018
Software Engineer,4,Master,10,Technology,Large,Netherlands,166273
Product Manager,24,Master,10,Finance,Enterprise,Canada,350000
Data Analyst,1,Bachelor,18,Healthcare,Enterprise,UK,167263
Software Engineer,0,Bachelor,9,Media,Large,USA,128237
Cloud Engineer,5,Bachelor,2,Technology,Large,Germany,149156
Backend Developer,6,Bachelor,3,Manufacturing,Large,Netherlands,165758
Software Engineer,4,Bachelor,2,Retail,Large,Germany,142800
Software Engineer,2,Master,6,Technology,Large,Singapore,136549
Data Analyst,13,Bachelor,12,Technology,Enterprise,Sweden,201709
Data Analyst,5,Bachelor,19,Media,Large,India,35379
Data Scientist,5,Master,15,Technology,Small,India,37545
Backend Developer,8,High School,19,Technology,Large,USA,179919
Software Engineer,4,Bachelor,12,Education,Startup,Netherlands,113402
Data Analyst,3,PhD,18,Retail,Large,USA,142737
AI Engineer,13,Bachelor,16,Consulting,Enterprise,Netherlands,273895
Cloud Engineer,0,Bachelor,2,Education,Small,Remote,97242
Software Engineer,6,PhD,11,Retail,Enterprise,UK,234839
Backend Developer,6,PhD,12,Finance,Medium,Australia,150393
Cybersecurity Analyst,3,Bachelor,5,Finance,Enterprise,Sweden,135666
Machine Learning Engineer,4,Bachelor,6,Finance,Large,UK,166086
Frontend Developer,12,Bachelor,11,Technology,Medium,India,56831
Business Analyst,2,Master,10,Technology,Large,Singapore,98919
Cloud Engineer,8,High School,4,Healthcare,Large,USA,138788
Software Engineer,5,Bachelor,9,Consulting,Large,USA,159788
Cybersecurity Analyst,7,Bachelor,12,Healthcare,Medium,UK,144272
Software Engineer,6,Diploma,10,Finance,Large,Germany,129478
Frontend Developer,0,Bachelor,14,Technology,Startup,India,26707
DevOps Engineer,2,Diploma,5,Technology,Large,USA,153267
Software Engineer,2,Bachelor,1,Education,Large,USA,128661
Software Engineer,2,Bachelor,5,Telecom,Large,UK,125340
Frontend Developer,3,Bachelor,16,Education,Large,Germany,148014
Backend Developer,5,Bachelor,5,Finance,Large,Canada,202456
Frontend Developer,9,Master,5,Education,Small,India,53257
Data Analyst,1,Bachelor,18,Healthcare,Medium,Germany,91782
DevOps Engineer,5,PhD,6,Technology,Large,India,75173
AI Engineer,6,Master,18,Consulting,Startup,USA,183619
Frontend Developer,10,Bachelor,10,Technology,Medium,Singapore,317463
Business Analyst,14,Master,15,Media,Medium,India,36457
Software Engineer,4,Diploma,11,Consulting,Large,USA,141433
Software Engineer,2,Master,19,Technology,Large,India,49058
AI Engineer,6,Master,13,Technology,Large,India,83329
Data Scientist,2,PhD,20,Education,Large,USA,228079
DevOps Engineer,6,Bachelor,3,Consulting,Large,USA,262141
Cybersecurity Analyst,2,Bachelor,16,Education,Large,India,44585
Cloud Engineer,7,Bachelor,7,Technology,Startup,UK,130403
Data Scientist,2,Bachelor,12,Technology,Large,USA,168399
Cloud Engineer,13,High School,15,Technology,Large,Remote,244780
Cloud Engineer,5,Bachelor,8,Telecom,Large,USA,223271
Data Scientist,1,Bachelor,17,Consulting,Large,India,88102
Backend Developer,9,Bachelor,1,Technology,Enterprise,India,33969
DevOps Engineer,4,Master,8,Education,Medium,UK,171235
Data Analyst,7,Bachelor,14,Telecom,Enterprise,India,43132
Software Engineer,9,Bachelor,10,Manufacturing,Enterprise,Canada,179093
Frontend Developer,5,Master,19,Healthcare,Startup,USA,155818
Data Scientist,1,Bachelor,8,Healthcare,Medium,UK,153206
Data Analyst,5,PhD,19,Consulting,Large,USA,216508
Business Analyst,12,Bachelor,4,Technology,Small,UK,105881
Software Engineer,4,Diploma,10,Manufacturing,Medium,USA,122736
Software Engineer,6,Diploma,3,Consulting,Large,Netherlands,109386
Software Engineer,2,High School,4,Telecom,Medium,India,31796
Data Scientist,1,Bachelor,16,Finance,Small,Australia,95757
Business Analyst,4,Bachelor,4,Consulting,Startup,India,30086
Data Analyst,5,Bachelor,20,Healthcare,Enterprise,USA,180789
Data Analyst,10,Bachelor,20,Retail,Enterprise,USA,201422
Software Engineer,5,Bachelor,13,Government,Medium,USA,132461
Software Engineer,10,Diploma,17,Manufacturing,Large,USA,350000
Software Engineer,3,Bachelor,16,Technology,Medium,Canada,105476
Software Engineer,1,Bachelor,17,Finance,Large,Australia,123693
Frontend Developer,7,Bachelor,6,Education,Medium,Netherlands,138725
DevOps Engineer,13,Master,3,Telecom,Small,India,80124
Frontend Developer,3,Bachelor,20,Healthcare,Enterprise,USA,187498
Software Engineer,7,Diploma,4,Technology,Large,UK,125620
AI Engineer,8,Bachelor,8,Technology,Enterprise,India,110450
Software Engineer,4,Bachelor,20,Technology,Enterprise,USA,199391
DevOps Engineer,8,High School,9,Education,Large,UK,124652
Backend Developer,6,Diploma,1,Technology,Medium,USA,177627
Frontend Developer,8,Bachelor,13,Technology,Medium,USA,179730
Backend Developer,7,Bachelor,2,Media,Large,India,50018
Business Analyst,4,High School,10,Consulting,Small,Singapore,57632
Data Analyst,5,Bachelor,19,Government,Large,USA,154427
DevOps Engineer,10,Bachelor,17,Technology,Medium,UK,213006
Backend Developer,5,High School,13,Technology,Large,Sweden,113584
Machine Learning Engineer,2,Bachelor,14,Technology,Enterprise,Sweden,154658
DevOps Engineer,4,Bachelor,11,Technology,Small,USA,165318
Business Analyst,6,Bachelor,10,Retail,Large,Canada,121818
Cloud Engineer,10,Bachelor,7,Technology,Medium,USA,222040
AI Engineer,1,Bachelor,10,Technology,Medium,USA,176598
Cloud Engineer,4,Diploma,1,Technology,Enterprise,UK,158997
Software Engineer,9,Diploma,14,Manufacturing,Large,Australia,121790
Cloud Engineer,2,PhD,3,Finance,Large,Netherlands,247452
Data Scientist,2,Bachelor,13,Consulting,Large,Germany,155095
AI Engineer,5,Bachelor,2,Consulting,Large,USA,213226
Data Analyst,1,Bachelor,17,Consulting,Medium,Remote,88635
Data Analyst,15,PhD,3,Technology,Medium,India,74240
Data Scientist,6,Diploma,15,Consulting,Large,Netherlands,123810
Software Engineer,7,Bachelor,8,Technology,Startup,Sweden,129241
Cloud Engineer,11,Master,6,Consulting,Large,USA,232699
Cloud Engineer,21,PhD,9,Technology,Large,Remote,350000
Software Engineer,4,Bachelor,11,Finance,Large,USA,159336
Frontend Developer,1,Bachelor,2,Technology,Large,USA,142454
Software Engineer,6,Bachelor,9,Consulting,Large,UK,144442
Data Scientist,2,High School,18,Manufacturing,Startup,Sweden,98267
Backend Developer,1,Bachelor,19,Education,Medium,India,25000
Cybersecurity Analyst,3,Master,18,Finance,Startup,USA,142924
Software Engineer,4,PhD,5,Technology,Enterprise,India,62732
Frontend Developer,11,Diploma,18,Consulting,Medium,Sweden,110485
Data Scientist,15,Bachelor,12,Consulting,Large,UK,203943
Software Engineer,2,Diploma,4,Technology,Medium,USA,125108
Backend Developer,3,Bachelor,15,Technology,Medium,Canada,164676
Software Engineer,7,Bachelor,11,Retail,Medium,India,36940
Software Engineer,8,Master,19,Technology,Small,Remote,122553
Data Scientist,2,Diploma,5,Technology,Medium,Singapore,130712
AI Engineer,9,PhD,6,Manufacturing,Large,India,75868
Software Engineer,2,Diploma,13,Technology,Large,USA,157648
Data Analyst,2,Diploma,10,Technology,Medium,Canada,71509
Cloud Engineer,7,Diploma,14,Retail,Large,USA,194639
Backend Developer,11,Bachelor,4,Technology,Large,India,69199
DevOps Engineer,6,Bachelor,20,Technology,Medium,Canada,131081
Software Engineer,5,Master,12,Technology,Enterprise,Australia,218276
Data Scientist,4,Master,15,Telecom,Startup,USA,216975
Cybersecurity Analyst,5,Bachelor,10,Technology,Large,Sweden,112755
Frontend Developer,4,Bachelor,11,Technology,Enterprise,India,53362
Business Analyst,7,Master,9,Technology,Large,USA,165678
Software Engineer,5,High School,11,Finance,Medium,Canada,119315
Frontend Developer,20,Bachelor,2,Technology,Large,USA,318896
Backend Developer,6,PhD,13,Healthcare,Large,India,51692
Frontend Developer,4,PhD,8,Healthcare,Enterprise,USA,235824
DevOps Engineer,2,Bachelor,8,Finance,Startup,UK,123211
Software Engineer,2,Diploma,1,Healthcare,Medium,Singapore,111151
Data Analyst,6,Bachelor,6,Media,Enterprise,USA,133721
Backend Developer,3,Bachelor,13,Technology,Large,USA,205926
Cloud Engineer,5,Diploma,9,Healthcare,Medium,USA,139510
Cloud Engineer,11,Master,6,Technology,Medium,Germany,249090
Backend Developer,1,High School,15,Consulting,Large,India,30160
Data Scientist,4,Master,16,Healthcare,Large,USA,207081
Software Engineer,1,Bachelor,4,Technology,Large,UK,143493
Software Engineer,5,Bachelor,17,Technology,Large,USA,160063
Software Engineer,1,PhD,9,Consulting,Large,Sweden,163878
Software Engineer,1,Bachelor,12,Finance,Enterprise,Germany,123142
AI Engineer,14,Bachelor,19,Media,Medium,UK,185849
Cloud Engineer,2,Bachelor,20,Retail,Large,USA,225972
Data Analyst,2,Bachelor,12,Education,Large,USA,137416
Data Scientist,11,Diploma,6,Healthcare,Small,India,47635
Software Engineer,2,Diploma,12,Education,Enterprise,India,35373
Software Engineer,6,High School,9,Technology,Medium,Germany,75240
Software Engineer,6,Bachelor,20,Technology,Large,UK,200099
DevOps Engineer,9,Diploma,5,Technology,Large,USA,239077
Data Analyst,1,Bachelor,3,Technology,Enterprise,USA,145945
Cloud Engineer,2,Bachelor,2,Retail,Large,USA,199028
DevOps Engineer,2,Bachelor,8,Media,Large,USA,177287
Cloud Engineer,2,Bachelor,10,Technology,Large,USA,188681
Software Engineer,8,Master,15,Media,Medium,India,71628
Machine Learning Engineer,6,Master,9,Government,Enterprise,Sweden,210645
Software Engineer,7,Diploma,10,Manufacturing,Medium,Netherlands,129932
Frontend Developer,1,Master,11,Technology,Large,Australia,95906
Software Engineer,5,Bachelor,9,Finance,Large,USA,228978
Backend Developer,13,Bachelor,14,Finance,Enterprise,Canada,180162
Machine Learning Engineer,18,Bachelor,5,Consulting,Large,Singapore,350000
Backend Developer,3,Diploma,9,Consulting,Enterprise,Germany,140014
AI Engineer,9,Bachelor,4,Technology,Medium,Remote,272479
Software Engineer,2,Bachelor,2,Technology,Startup,Germany,102076
Backend Developer,1,High School,19,Telecom,Startup,Australia,73963
Business Analyst,1,High School,1,Government,Medium,Singapore,52612
Product Manager,11,Bachelor,1,Finance,Medium,India,58816
DevOps Engineer,3,Bachelor,12,Healthcare,Large,Canada,230165
Machine Learning Engineer,3,PhD,11,Finance,Medium,India,63765
Data Analyst,8,Bachelor,1,Technology,Medium,Canada,116173
Backend Developer,1,Master,14,Technology,Startup,USA,141829
Software Engineer,7,Bachelor,11,Healthcare,Medium,USA,202509
Business Analyst,4,High School,7,Education,Large,India,25000
Software Engineer,17,Master,2,Finance,Small,USA,222626
Software Engineer,3,Bachelor,15,Finance,Enterprise,UK,166307
DevOps Engineer,4,Bachelor,8,Technology,Large,USA,249839
Data Analyst,1,Bachelor,20,Retail,Medium,Remote,87378
Software Engineer,19,Master,15,Healthcare,Enterprise,USA,350000
Data Analyst,3,Bachelor,8,Retail,Startup,India,31826
Software Engineer,15,Master,10,Technology,Medium,USA,316354
Software Engineer,0,Bachelor,19,Media,Medium,UK,89065
Software Engineer,6,Diploma,3,Education,Startup,Germany,120074
Software Engineer,18,Bachelor,20,Technology,Medium,USA,266461
Data Analyst,2,High School,14,Telecom,Medium,USA,92218
Data Analyst,5,High School,9,Government,Large,UK,109273
Data Analyst,12,Diploma,9,Finance,Medium,India,36307
Frontend Developer,3,Diploma,6,Technology,Medium,USA,169046
Data Analyst,1,Master,8,Technology,Medium,USA,125302
Frontend Developer,3,Bachelor,11,Finance,Large,Canada,130783
Software Engineer,6,Master,8,Technology,Large,USA,338003
DevOps Engineer,6,Master,12,Education,Medium,Canada,199125
Backend Developer,8,Bachelor,10,Telecom,Large,USA,213895
Software Engineer,2,Master,4,Education,Startup,USA,149680
AI Engineer,17,Bachelor,16,Healthcare,Medium,Canada,308897
Backend Developer,2,Diploma,20,Media,Large,UK,110599
Cloud Engineer,5,Bachelor,6,Technology,Large,India,51743
Software Engineer,6,Bachelor,9,Technology,Medium,Canada,144638
Cloud Engineer,5,Diploma,5,Technology,Medium,India,31167
Data Analyst,1,Bachelor,6,Technology,Medium,USA,108410
Cloud Engineer,12,Bachelor,17,Finance,Enterprise,Singapore,219052
Software Engineer,3,Bachelor,17,Finance,Large,Canada,173451
DevOps Engineer,6,Diploma,13,Finance,Medium,USA,154889
Data Analyst,5,Bachelor,17,Technology,Enterprise,India,32407
Software Engineer,5,Bachelor,14,Manufacturing,Small,USA,123893
Software Engineer,1,Master,2,Technology,Startup,Canada,137868
Cloud Engineer,2,Bachelor,19,Healthcare,Large,India,41460
Data Scientist,6,Bachelor,3,Finance,Medium,India,49789
Backend Developer,1,High School,2,Technology,Medium,Germany,76586
Frontend Developer,4,Master,2,Manufacturing,Enterprise,India,50073
Data Analyst,5,Bachelor,7,Technology,Large,India,32809
Machine Learning Engineer,7,Master,4,Finance,Large,Canada,224534
Software Engineer,5,High School,17,Healthcare,Medium,India,38022
Cybersecurity Analyst,4,Bachelor,6,Government,Startup,UK,143134
Data Scientist,6,Bachelor,7,Consulting,Medium,Canada,198157
Cybersecurity Analyst,4,Bachelor,20,Media,Medium,USA,198794
Software Engineer,2,Master,6,Manufacturing,Medium,Germany,85157
Data Analyst,3,Diploma,9,Retail,Medium,USA,102885
Software Engineer,6,Bachelor,20,Finance,Small,USA,143341
Data Analyst,4,PhD,4,Education,Medium,USA,178003
Machine Learning Engineer,23,Bachelor,5,Telecom,Medium,India,88134
Software Engineer,1,Master,19,Finance,Enterprise,UK,132472
Backend Developer,6,Bachelor,10,Technology,Enterprise,Canada,142647
Software Engineer,7,Diploma,18,Technology,Large,Canada,160687
Backend Developer,5,Master,15,Healthcare,Medium,USA,204681
Software Engineer,3,Diploma,1,Technology,Enterprise,UK,145468
Backend Developer,4,Bachelor,5,Technology,Enterprise,India,42370
Backend Developer,4,Bachelor,5,Government,Medium,USA,211315
Software Engineer,13,Bachelor,8,Technology,Large,UK,265729
Machine Learning Engineer,0,Master,20,Technology,Large,India,58336
AI Engineer,2,Master,15,Manufacturing,Small,Remote,203205
Software Engineer,6,PhD,17,Education,Medium,USA,161997
Data Analyst,10,Master,19,Technology,Small,India,29844
Backend Developer,2,Bachelor,13,Technology,Startup,Sweden,107624
AI Engineer,1,Master,10,Government,Medium,UK,148073
Frontend Developer,4,Bachelor,17,Consulting,Enterprise,USA,186752
AI Engineer,2,Bachelor,5,Consulting,Startup,USA,174259
Cybersecurity Analyst,4,Bachelor,18,Finance,Startup,USA,128497
Software Engineer,2,Bachelor,17,Technology,Large,USA,161824
Data Analyst,7,PhD,4,Technology,Large,Sweden,173587
Backend Developer,2,Bachelor,7,Media,Medium,India,40684
Backend Developer,0,High School,5,Healthcare,Medium,India,28181
DevOps Engineer,7,High School,8,Technology,Medium,USA,176546
Backend Developer,4,Master,8,Finance,Large,Canada,187691
Cybersecurity Analyst,3,Bachelor,11,Technology,Large,India,50784
Data Scientist,3,High School,9,Finance,Large,Canada,134891
Frontend Developer,5,Master,19,Finance,Large,UK,151110
Product Manager,1,Master,19,Technology,Small,Canada,113978
DevOps Engineer,1,Diploma,9,Technology,Medium,India,29439
Backend Developer,2,PhD,20,Healthcare,Medium,Sweden,119908
Software Engineer,3,Diploma,17,Telecom,Large,Australia,108738
Data Analyst,2,Master,16,Consulting,Medium,USA,133423
Data Analyst,13,Bachelor,7,Technology,Enterprise,India,64532
DevOps Engineer,2,Bachelor,3,Healthcare,Startup,USA,160249
Data Analyst,5,Master,19,Finance,Large,India,41723
Data Analyst,6,PhD,8,Consulting,Enterprise,USA,242615
Software Engineer,11,Bachelor,5,Healthcare,Enterprise,USA,306769
Business Analyst,15,Bachelor,6,Technology,Large,UK,171327
Frontend Developer,19,Bachelor,2,Government,Enterprise,USA,344254
DevOps Engineer,10,PhD,19,Technology,Startup,USA,314529
DevOps Engineer,9,Master,13,Education,Startup,USA,259053
Cloud Engineer,2,Bachelor,6,Technology,Enterprise,India,55985
Frontend Developer,7,Bachelor,6,Technology,Large,USA,205412
Backend Developer,4,Bachelor,2,Technology,Small,USA,237179
Data Scientist,4,Bachelor,5,Technology,Medium,UK,144854
Software Engineer,3,Bachelor,11,Healthcare,Large,USA,163894
Software Engineer,1,Master,11,Healthcare,Medium,UK,143434
Data Analyst,3,Bachelor,14,Finance,Enterprise,India,31931
Cybersecurity Analyst,2,Master,13,Media,Large,Canada,206730
DevOps Engineer,0,Master,8,Media,Medium,USA,158019
Product Manager,12,Bachelor,15,Technology,Large,USA,350000
Data Scientist,5,PhD,12,Education,Large,India,62067
Software Engineer,5,Master,3,Finance,Medium,India,49191
Data Scientist,4,Bachelor,5,Finance,Enterprise,India,58866
AI Engineer,10,Diploma,6,Finance,Enterprise,India,70844
Backend Developer,5,Bachelor,2,Technology,Large,UK,178250
Cybersecurity Analyst,12,Diploma,8,Technology,Enterprise,Germany,141603
Software Engineer,7,Diploma,5,Telecom,Startup,USA,140353
Frontend Developer,2,Bachelor,17,Manufacturing,Enterprise,Australia,157010
Data Scientist,11,Bachelor,2,Technology,Large,Remote,271897
Data Analyst,6,Bachelor,11,Finance,Small,UK,78428
Cloud Engineer,4,Bachelor,4,Media,Small,USA,153508
Software Engineer,9,High School,11,Technology,Large,India,40048
Frontend Developer,5,High School,9,Technology,Small,USA,88396
Cloud Engineer,8,Bachelor,6,Retail,Large,Remote,181599
Software Engineer,1,Master,2,Technology,Enterprise,UK,112602
Software Engineer,5,Master,15,Education,Medium,USA,253678
AI Engineer,2,Master,5,Healthcare,Medium,USA,251097
Data Analyst,18,Bachelor,12,Education,Medium,Remote,133323
Data Analyst,12,Diploma,13,Technology,Enterprise,UK,161166
Backend Developer,5,Bachelor,17,Technology,Large,USA,172503
Frontend Developer,11,High School,4,Media,Enterprise,Germany,170448
Data Analyst,2,Bachelor,10,Finance,Large,USA,117327
Data Analyst,3,Master,1,Manufacturing,Large,UK,117780
Data Analyst,0,PhD,11,Technology,Medium,UK,91101
Cloud Engineer,7,Bachelor,16,Technology,Large,India,57184
Data Analyst,0,Bachelor,11,Technology,Large,Singapore,110196
Backend Developer,3,Bachelor,9,Technology,Large,Netherlands,149744
Software Engineer,1,Bachelor,2,Technology,Small,USA,122472
Software Engineer,10,High School,7,Consulting,Enterprise,India,112423
Frontend Developer,17,Bachelor,19,Technology,Enterprise,Germany,167557
Frontend Developer,8,Bachelor,18,Technology,Large,India,46466
Software Engineer,7,Diploma,20,Technology,Large,Remote,190838
Data Analyst,5,Bachelor,7,Healthcare,Large,Sweden,119495
Data Analyst,5,PhD,9,Technology,Large,India,45628
Backend Developer,2,Master,12,Technology,Large,Singapore,106084
Product Manager,1,Bachelor,3,Technology,Medium,Canada,122251
Cloud Engineer,5,Bachelor,16,Technology,Large,Sweden,161897
Software Engineer,6,Bachelor,7,Technology,Startup,USA,350000
Software Engineer,6,Bachelor,5,Technology,Startup,Australia,157070
Software Engineer,7,Diploma,7,Healthcare,Large,Australia,184462
Software Engineer,8,PhD,19,Manufacturing,Enterprise,USA,282431
DevOps Engineer,5,Bachelor,17,Education,Enterprise,Singapore,208919
Software Engineer,2,Master,16,Technology,Medium,Canada,121605
Backend Developer,6,Bachelor,19,Technology,Enterprise,India,61484
Frontend Developer,8,Bachelor,18,Technology,Small,USA,137727
Software Engineer,3,Bachelor,19,Education,Large,UK,162769
Data Scientist,8,Bachelor,4,Finance,Enterprise,India,66615
DevOps Engineer,5,PhD,1,Consulting,Medium,UK,177741
Backend Developer,1,Master,4,Technology,Large,Canada,145497
Software Engineer,21,Bachelor,4,Technology,Large,USA,304068
Cybersecurity Analyst,3,Master,9,Technology,Medium,USA,214328
Frontend Developer,2,Bachelor,8,Technology,Medium,India,27040
Software Engineer,2,Bachelor,2,Finance,Enterprise,UK,117862
Software Engineer,0,Master,6,Healthcare,Enterprise,UK,159814
Software Engineer,4,Master,11,Technology,Medium,USA,225987
Business Analyst,12,Bachelor,4,Retail,Small,USA,154008
DevOps Engineer,5,Master,14,Government,Enterprise,India,54011
Data Analyst,2,Master,9,Consulting,Large,India,34200
Data Scientist,4,Bachelor,2,Finance,Enterprise,USA,196522
Software Engineer,4,Diploma,1,Technology,Large,India,37920
Product Manager,3,Bachelor,4,Technology,Large,Germany,192403
Data Analyst,9,Bachelor,12,Telecom,Small,India,29756
Cloud Engineer,6,Bachelor,5,Technology,Large,Singapore,172409
DevOps Engineer,2,Bachelor,9,Telecom,Medium,USA,174479
Software Engineer,9,Bachelor,4,Technology,Enterprise,UK,118717
Software Engineer,11,Master,16,Healthcare,Medium,UK,278382
Frontend Developer,6,Bachelor,2,Technology,Large,India,50946
Frontend Developer,4,Bachelor,16,Technology,Medium,USA,149981
Backend Developer,3,PhD,16,Government,Enterprise,USA,246430
Business Analyst,14,Bachelor,11,Technology,Medium,Canada,177530
Cloud Engineer,6,PhD,1,Consulting,Medium,USA,288721
DevOps Engineer,5,Bachelor,15,Government,Large,India,52056
Business Analyst,1,Bachelor,4,Education,Enterprise,India,37362
Software Engineer,2,Bachelor,18,Technology,Small,Singapore,99404
Data Analyst,1,Bachelor,17,Consulting,Startup,USA,54617
Software Engineer,4,Master,7,Finance,Large,USA,179131
Software Engineer,3,Diploma,18,Technology,Large,India,30777
Software Engineer,5,High School,13,Retail,Startup,Sweden,78601
Frontend Developer,10,Master,20,Healthcare,Medium,Germany,191588
Business Analyst,8,Bachelor,20,Finance,Small,Singapore,105946
Cybersecurity Analyst,9,Master,10,Government,Enterprise,UK,196875
Business Analyst,10,Master,1,Technology,Enterprise,India,39052
Backend Developer,2,Master,2,Telecom,Medium,UK,105676
Cybersecurity Analyst,3,Bachelor,17,Healthcare,Medium,USA,142163
Machine Learning Engineer,3,Diploma,3,Consulting,Enterprise,India,50992
Software Engineer,8,Bachelor,17,Technology,Enterprise,India,69443
Software Engineer,1,Master,12,Technology,Small,Canada,103482
Data Scientist,12,Bachelor,12,Technology,Small,India,70354
Software Engineer,3,Bachelor,20,Government,Large,Germany,109979
Cloud Engineer,1,Bachelor,10,Government,Large,Netherlands,124454
Data Analyst,3,Bachelor,7,Manufacturing,Enterprise,USA,159442
Frontend Developer,3,Master,10,Healthcare,Large,USA,214968
Frontend Developer,4,Master,18,Healthcare,Medium,UK,136702
Frontend Developer,4,Bachelor,6,Technology,Enterprise,USA,226843
Data Scientist,10,Diploma,7,Consulting,Large,Canada,229634
Backend Developer,6,Bachelor,17,Technology,Large,India,47262
Data Scientist,1,Master,12,Government,Enterprise,USA,234869
Data Scientist,3,Master,17,Media,Small,Netherlands,144270
Data Analyst,3,Bachelor,18,Technology,Enterprise,Canada,120244
Business Analyst,5,Bachelor,14,Technology,Medium,USA,164539
Software Engineer,4,High School,11,Technology,Enterprise,Netherlands,100834
Software Engineer,15,Master,2,Education,Medium,Sweden,237152
Software Engineer,9,PhD,1,Finance,Large,Germany,83002
DevOps Engineer,7,Diploma,11,Consulting,Large,India,47734
DevOps Engineer,0,Diploma,2,Technology,Large,Remote,112072
Cybersecurity Analyst,8,Bachelor,16,Finance,Large,India,57635
Backend Developer,0,Diploma,3,Media,Large,Netherlands,41490
Frontend Developer,3,Bachelor,20,Technology,Enterprise,India,50736
Data Analyst,3,PhD,1,Finance,Small,USA,117428
Backend Developer,10,Bachelor,20,Technology,Large,UK,232204
Frontend Developer,2,Bachelor,8,Finance,Large,USA,154217
Frontend Developer,4,Bachelor,19,Technology,Large,Sweden,158899
Software Engineer,1,PhD,1,Technology,Large,Sweden,140012
Data Scientist,7,Bachelor,5,Healthcare,Medium,USA,244045
Data Scientist,3,PhD,1,Technology,Enterprise,Australia,287302
Data Scientist,5,Diploma,11,Technology,Startup,India,37226
Software Engineer,0,Master,9,Technology,Medium,India,43309
Backend Developer,1,Bachelor,5,Technology,Large,Singapore,134681
AI Engineer,5,Bachelor,2,Finance,Medium,USA,218266
Cybersecurity Analyst,7,Bachelor,13,Telecom,Startup,USA,141276
Data Analyst,12,Master,18,Technology,Large,USA,178448
Data Analyst,11,Bachelor,12,Technology,Small,Remote,161926
Data Analyst,3,Diploma,14,Media,Enterprise,Remote,149237
Backend Developer,5,High School,5,Technology,Large,USA,149311
Software Engineer,8,Diploma,10,Healthcare,Medium,India,41280
Software Engineer,6,Bachelor,20,Technology,Large,India,57329
Data Analyst,3,Bachelor,2,Finance,Medium,USA,120962
Machine Learning Engineer,5,Bachelor,4,Technology,Enterprise,Remote,305551
Business Analyst,12,Bachelor,12,Finance,Medium,Germany,144136
Data Scientist,4,PhD,11,Government,Large,UK,201249
Software Engineer,7,Bachelor,4,Technology,Large,USA,184655
Cloud Engineer,6,Bachelor,11,Finance,Large,USA,175661
Business Analyst,2,Master,9,Retail,Medium,UK,48907
Software Engineer,10,High School,10,Technology,Enterprise,India,55034
Cloud Engineer,4,Bachelor,6,Technology,Enterprise,Netherlands,168624
Software Engineer,3,Diploma,15,Technology,Medium,USA,130548
Cloud Engineer,5,PhD,10,Consulting,Medium,Sweden,111354
Business Analyst,10,Bachelor,6,Technology,Small,USA,118889
Backend Developer,5,Master,1,Technology,Large,Sweden,144923
Business Analyst,5,Master,20,Technology,Medium,USA,128261
Business Analyst,7,Bachelor,4,Technology,Medium,Remote,142526
Software Engineer,8,High School,14,Telecom,Large,UK,128418
Data Analyst,4,Bachelor,20,Technology,Large,India,27668
Software Engineer,4,Bachelor,20,Education,Medium,Canada,107217
Product Manager,3,Master,8,Technology,Startup,USA,153208
Data Scientist,7,Master,11,Healthcare,Medium,Germany,250306
Backend Developer,4,Bachelor,15,Manufacturing,Startup,Remote,159318
Data Analyst,5,Bachelor,19,Media,Large,USA,138585
Software Engineer,5,High School,8,Retail,Medium,USA,90565
Data Scientist,1,Bachelor,13,Education,Small,USA,144078
DevOps Engineer,7,PhD,18,Technology,Medium,Germany,171228
Frontend Developer,3,Bachelor,17,Telecom,Enterprise,Canada,156684
Business Analyst,4,High School,6,Healthcare,Enterprise,USA,119832
Backend Developer,3,Bachelor,15,Technology,Large,India,44404
Frontend Developer,2,Master,13,Healthcare,Large,USA,148249
Frontend Developer,5,Bachelor,18,Media,Enterprise,India,48661
Software Engineer,6,Bachelor,11,Finance,Large,India,61240
Software Engineer,21,Master,13,Consulting,Enterprise,Canada,263267
Backend Developer,3,Bachelor,1,Technology,Small,India,32901
DevOps Engineer,8,Bachelor,18,Technology,Large,USA,246379
Software Engineer,3,Bachelor,5,Finance,Large,USA,245280
Frontend Developer,9,Diploma,6,Technology,Enterprise,Netherlands,118679
Cybersecurity Analyst,7,Bachelor,1,Consulting,Startup,Singapore,176636
Software Engineer,3,Master,7,Healthcare,Small,USA,111381
Data Analyst,1,Bachelor,4,Technology,Enterprise,India,42235
Machine Learning Engineer,1,Bachelor,9,Technology,Large,Netherlands,83471
Backend Developer,9,Bachelor,15,Media,Small,USA,349321
Product Manager,2,Bachelor,6,Technology,Large,India,38517
Frontend Developer,9,Bachelor,17,Technology,Large,USA,180372
Software Engineer,5,Master,20,Technology,Startup,India,47737
AI Engineer,4,Diploma,18,Healthcare,Large,India,58332
Machine Learning Engineer,8,Diploma,4,Finance,Large,India,56098
Software Engineer,3,PhD,9,Consulting,Enterprise,India,64504
Data Scientist,7,High School,14,Technology,Startup,UK,145118
Software Engineer,3,Bachelor,3,Healthcare,Startup,Remote,116641
Backend Developer,12,High School,1,Healthcare,Medium,USA,145802
Frontend Developer,2,Diploma,11,Retail,Medium,UK,95532
Backend Developer,7,Bachelor,1,Media,Small,India,36972
Data Analyst,10,High School,12,Consulting,Small,UK,98520
Data Scientist,0,Master,9,Technology,Medium,Remote,170230
Cloud Engineer,7,Master,5,Technology,Large,Canada,197818
Cybersecurity Analyst,2,PhD,15,Consulting,Startup,UK,146303
Data Scientist,8,High School,18,Finance,Large,UK,174011
Product Manager,6,Bachelor,9,Manufacturing,Large,USA,286374
Product Manager,7,Bachelor,13,Manufacturing,Small,Singapore,136493
Backend Developer,4,Master,13,Technology,Enterprise,India,60807
Frontend Developer,11,Bachelor,13,Technology,Enterprise,USA,254363
Software Engineer,1,Bachelor,10,Technology,Medium,USA,151825
Software Engineer,10,Master,10,Government,Large,USA,344397
Data Analyst,3,Master,7,Finance,Enterprise,USA,177948
Software Engineer,0,PhD,5,Technology,Enterprise,India,43445
Software Engineer,5,Bachelor,20,Retail,Large,Sweden,118474
Data Scientist,3,Bachelor,7,Healthcare,Medium,Germany,166261
Backend Developer,6,Bachelor,20,Healthcare,Large,Remote,202849
AI Engineer,7,Bachelor,10,Technology,Small,India,61753
Software Engineer,4,Bachelor,10,Technology,Large,India,31093
Business Analyst,7,Bachelor,13,Technology,Large,Netherlands,133021
Backend Developer,6,Bachelor,15,Consulting,Small,USA,151106
Software Engineer,5,Bachelor,6,Technology,Large,USA,174827
Software Engineer,4,Master,20,Technology,Enterprise,Canada,168727
Software Engineer,3,Diploma,12,Finance,Startup,USA,138525
Software Engineer,15,Diploma,19,Finance,Enterprise,USA,259013
Data Scientist,5,High School,11,Technology,Large,Germany,107855
AI Engineer,6,PhD,6,Consulting,Medium,India,70556
Software Engineer,8,PhD,1,Consulting,Medium,India,68718
Data Scientist,4,Master,2,Finance,Large,USA,241209
Software Engineer,6,Bachelor,15,Media,Enterprise,Canada,350000
Data Analyst,14,Bachelor,4,Technology,Large,Canada,169542
Data Analyst,2,Master,5,Technology,Large,USA,97203
DevOps Engineer,14,High School,15,Manufacturing,Large,Australia,171329
Backend Developer,8,Bachelor,11,Healthcare,Large,Germany,179439
Data Scientist,3,Master,10,Technology,Enterprise,Remote,251395
Frontend Developer,2,Diploma,17,Technology,Medium,USA,141529
Data Analyst,14,Master,2,Technology,Large,Germany,138240
Frontend Developer,9,Master,20,Media,Medium,India,48896
Software Engineer,4,Master,10,Technology,Startup,USA,139073
DevOps Engineer,3,Master,20,Finance,Startup,Sweden,103865
Frontend Developer,3,Bachelor,3,Technology,Enterprise,USA,181643
Frontend Developer,4,Diploma,19,Finance,Medium,USA,147956
Software Engineer,4,Bachelor,5,Retail,Medium,USA,179469
Software Engineer,5,Diploma,3,Technology,Large,Canada,128258
Backend Developer,2,Diploma,8,Finance,Small,USA,103528
Software Engineer,3,Bachelor,5,Telecom,Large,Germany,168425
Software Engineer,4,Diploma,12,Technology,Large,USA,187378
Business Analyst,18,High School,14,Retail,Small,India,30986
Software Engineer,6,Bachelor,7,Consulting,Enterprise,USA,210114
Software Engineer,1,Bachelor,11,Technology,Enterprise,Sweden,98255
Cloud Engineer,2,Bachelor,8,Media,Medium,Australia,120132
Cloud Engineer,14,Bachelor,5,Finance,Medium,India,43019
Software Engineer,11,Bachelor,8,Technology,Large,UK,272189
Data Scientist,3,Diploma,12,Technology,Large,India,37371
Data Scientist,7,Bachelor,15,Finance,Enterprise,USA,323661
Software Engineer,6,Master,19,Technology,Large,Singapore,234694
Product Manager,5,Bachelor,16,Telecom,Large,Australia,204930
Backend Developer,2,High School,14,Technology,Large,India,29624
Data Analyst,1,Master,7,Technology,Medium,Netherlands,69485
Software Engineer,9,Bachelor,8,Consulting,Medium,Australia,141454
Data Scientist,6,Bachelor,7,Technology,Medium,USA,243949
Data Analyst,2,Diploma,18,Technology,Large,USA,120235
Software Engineer,10,Diploma,6,Technology,Large,USA,200775
Product Manager,14,Master,19,Technology,Medium,India,91327
Cybersecurity Analyst,6,Bachelor,4,Finance,Large,USA,218267
Backend Developer,5,Master,3,Finance,Small,UK,128365
Backend Developer,1,Bachelor,17,Telecom,Enterprise,USA,177207
Frontend Developer,4,High School,19,Telecom,Large,USA,111699
AI Engineer,2,PhD,15,Technology,Enterprise,India,66441
Frontend Developer,4,Master,6,Finance,Large,USA,194532
Software Engineer,10,Bachelor,12,Consulting,Large,Canada,211975
Data Scientist,7,Diploma,19,Technology,Large,USA,173279
Frontend Developer,11,Bachelor,6,Finance,Medium,India,51142
Software Engineer,4,Bachelor,11,Education,Medium,Netherlands,114180
Data Analyst,1,Bachelor,20,Healthcare,Medium,Germany,73477
DevOps Engineer,4,Bachelor,20,Technology,Large,India,46893
Software Engineer,6,Bachelor,10,Healthcare,Enterprise,India,36291
Software Engineer,11,Master,16,Technology,Large,Netherlands,182120
Business Analyst,9,Diploma,18,Retail,Large,USA,118799
Software Engineer,1,Bachelor,14,Technology,Large,USA,157437
Software Engineer,6,Bachelor,4,Finance,Medium,India,28276
Backend Developer,10,Bachelor,12,Technology,Large,Netherlands,164683
Software Engineer,12,Diploma,20,Technology,Large,USA,262471
Backend Developer,10,Bachelor,8,Telecom,Startup,India,41837
Frontend Developer,3,Master,7,Technology,Medium,India,41112
Product Manager,3,High School,9,Consulting,Large,India,37531
DevOps Engineer,15,Bachelor,17,Healthcare,Startup,UK,144314
Software Engineer,3,Bachelor,10,Finance,Large,USA,177978
DevOps Engineer,14,Master,3,Telecom,Medium,Germany,238789
Cybersecurity Analyst,2,Master,8,Manufacturing,Medium,India,32877
Software Engineer,4,Bachelor,14,Finance,Medium,Netherlands,115954
Software Engineer,0,Master,7,Technology,Startup,Germany,99620
Machine Learning Engineer,4,Diploma,16,Consulting,Large,UK,248964
Frontend Developer,2,Bachelor,18,Finance,Large,Canada,138976
Business Analyst,8,Master,11,Media,Medium,India,28838
AI Engineer,7,Diploma,6,Technology,Small,Sweden,96751
Data Analyst,7,Bachelor,20,Finance,Medium,India,37975
DevOps Engineer,2,Master,14,Finance,Medium,Germany,198808
Backend Developer,11,Bachelor,13,Government,Medium,USA,222841
Software Engineer,5,Diploma,4,Technology,Medium,Canada,114773
Software Engineer,8,Diploma,20,Healthcare,Enterprise,USA,246366
Data Analyst,10,Master,20,Technology,Small,India,29208
Machine Learning Engineer,5,Bachelor,11,Technology,Medium,Australia,104338
Backend Developer,1,Bachelor,18,Technology,Medium,UK,130966
Data Analyst,6,Bachelor,1,Technology,Large,UK,111241
Backend Developer,4,Bachelor,12,Finance,Medium,USA,189598
Business Analyst,2,Bachelor,18,Technology,Large,Canada,95468
DevOps Engineer,13,Bachelor,7,Technology,Medium,India,75545
Machine Learning Engineer,4,Master,12,Telecom,Medium,India,63345
Software Engineer,7,Bachelor,1,Education,Large,Remote,255797
Software Engineer,8,Bachelor,4,Media,Large,USA,229800
Software Engineer,6,Diploma,18,Technology,Large,USA,172633
Data Scientist,3,Bachelor,15,Consulting,Startup,India,44750
Software Engineer,1,Master,3,Retail,Large,USA,191835
Frontend Developer,6,Bachelor,7,Technology,Large,Germany,121167
Data Analyst,4,Diploma,6,Healthcare,Large,USA,99720
Data Analyst,15,Master,15,Consulting,Medium,UK,115182
Backend Developer,3,Bachelor,15,Technology,Large,Singapore,153503
Data Analyst,0,Bachelor,6,Finance,Medium,USA,94816
DevOps Engineer,2,Bachelor,8,Consulting,Medium,UK,151876
Frontend Developer,10,Master,8,Healthcare,Medium,India,29038
Cybersecurity Analyst,9,High School,1,Consulting,Medium,USA,142782
AI Engineer,12,Bachelor,13,Technology,Medium,USA,282175
AI Engineer,4,Diploma,13,Telecom,Large,India,51427
Backend Developer,8,Bachelor,11,Technology,Large,Singapore,141506
Data Analyst,6,Diploma,4,Consulting,Medium,Germany,101041
Data Scientist,3,Diploma,7,Education,Large,India,58610
Backend Developer,5,Bachelor,12,Retail,Startup,UK,135292
Software Engineer,3,Bachelor,13,Consulting,Startup,Canada,122520
Software Engineer,12,Bachelor,12,Consulting,Medium,Australia,216262
Software Engineer,3,Diploma,16,Consulting,Large,India,50027
Software Engineer,13,Master,6,Government,Large,India,59516
Machine Learning Engineer,3,Master,14,Technology,Small,USA,211262
Cybersecurity Analyst,3,Bachelor,19,Technology,Enterprise,Canada,197832
Software Engineer,5,PhD,16,Technology,Large,Sweden,205913
Software Engineer,2,Master,4,Manufacturing,Enterprise,USA,234724
Product Manager,5,Diploma,5,Technology,Large,Netherlands,151475
Backend Developer,6,Bachelor,9,Technology,Medium,USA,215150
Cloud Engineer,12,Bachelor,3,Finance,Small,UK,188794
DevOps Engineer,0,Master,10,Finance,Enterprise,Germany,148466
DevOps Engineer,3,Bachelor,17,Telecom,Medium,India,46481
Data Scientist,14,Bachelor,19,Consulting,Medium,UK,300929
Software Engineer,3,Diploma,10,Healthcare,Startup,USA,120031
Backend Developer,3,Master,12,Technology,Enterprise,Canada,191846
Business Analyst,2,Bachelor,7,Technology,Medium,UK,87879
Data Analyst,8,Bachelor,18,Technology,Startup,USA,110371
Data Scientist,1,Master,19,Consulting,Medium,Germany,123476
Data Scientist,6,Master,15,Finance,Startup,USA,166519
Software Engineer,16,Bachelor,7,Technology,Medium,Singapore,243863
Software Engineer,1,PhD,12,Education,Medium,India,25000
Software Engineer,8,Bachelor,7,Healthcare,Enterprise,India,31956
Data Analyst,1,PhD,10,Technology,Large,India,36763
Data Analyst,7,Master,20,Finance,Medium,UK,131117
Cloud Engineer,6,High School,10,Finance,Large,Netherlands,95430
Frontend Developer,8,Bachelor,5,Retail,Large,Canada,171591
Software Engineer,3,Bachelor,18,Technology,Medium,Canada,115796
Backend Developer,3,Diploma,9,Technology,Large,UK,112735
Frontend Developer,8,Bachelor,16,Technology,Large,Australia,101952
Cloud Engineer,3,Diploma,7,Media,Medium,Canada,116625
Frontend Developer,9,Master,10,Technology,Medium,India,52783
Product Manager,0,Bachelor,5,Education,Large,Germany,169966
Data Analyst,6,Bachelor,7,Consulting,Large,India,40270
Cloud Engineer,9,Bachelor,5,Technology,Medium,USA,145744
Cybersecurity Analyst,4,Bachelor,15,Retail,Startup,Canada,112806
Frontend Developer,12,High School,19,Media,Small,USA,132182
Cybersecurity Analyst,3,Master,10,Finance,Medium,Netherlands,117907
Data Scientist,6,High School,8,Technology,Medium,Singapore,161277
Frontend Developer,10,Master,9,Finance,Large,USA,250763
Machine Learning Engineer,2,Bachelor,11,Manufacturing,Large,Canada,162742
Data Analyst,10,Bachelor,2,Technology,Enterprise,USA,183996
Backend Developer,6,High School,3,Retail,Small,Canada,101153
Backend Developer,2,Master,13,Technology,Medium,UK,119315
Cloud Engineer,5,Bachelor,11,Telecom,Large,USA,240468
Software Engineer,2,Master,10,Technology,Large,USA,152694
Software Engineer,7,Master,15,Consulting,Medium,USA,223915
Software Engineer,4,Bachelor,6,Media,Large,USA,175951
Backend Developer,3,Bachelor,1,Healthcare,Small,India,29249
Software Engineer,8,Bachelor,14,Media,Medium,USA,163270
DevOps Engineer,4,Master,18,Technology,Large,India,67422
Frontend Developer,5,PhD,11,Retail,Medium,Canada,146298
Frontend Developer,5,Bachelor,8,Government,Large,Canada,155138
Machine Learning Engineer,0,Bachelor,3,Healthcare,Large,UK,153827
Data Scientist,1,Diploma,14,Technology,Large,India,49866
Frontend Developer,3,Master,2,Technology,Large,UK,167167
Cloud Engineer,3,Bachelor,16,Education,Startup,India,41933
Business Analyst,0,Master,6,Technology,Large,India,25000
AI Engineer,5,High School,1,Finance,Small,UK,110245
Frontend Developer,4,Bachelor,14,Media,Large,Germany,154048
Machine Learning Engineer,5,Master,10,Technology,Large,UK,175629
Software Engineer,4,Diploma,6,Technology,Enterprise,India,42644
Frontend Developer,13,Master,9,Media,Large,USA,206419
Cloud Engineer,7,Bachelor,7,Finance,Large,Canada,161092
Frontend Developer,14,Bachelor,2,Technology,Enterprise,Netherlands,274770
Product Manager,2,Bachelor,11,Education,Large,India,58387
Machine Learning Engineer,4,Diploma,14,Technology,Medium,India,50982
DevOps Engineer,3,Master,5,Consulting,Large,India,61151
Software Engineer,1,Bachelor,9,Media,Medium,USA,135703
Software Engineer,4,Master,7,Telecom,Medium,Canada,147619
Frontend Developer,0,Bachelor,14,Healthcare,Large,Germany,104605
AI Engineer,7,Master,16,Technology,Large,USA,315446
Frontend Developer,11,Bachelor,16,Media,Startup,USA,258613
Data Analyst,4,PhD,7,Technology,Medium,Sweden,88395
Frontend Developer,5,Master,10,Technology,Large,Australia,145982
Business Analyst,11,Bachelor,6,Retail,Large,Remote,138534
Frontend Developer,2,High School,17,Technology,Startup,India,26070
Backend Developer,1,Bachelor,1,Consulting,Medium,India,43808
Cloud Engineer,0,Bachelor,2,Finance,Medium,USA,149414
Software Engineer,2,PhD,14,Finance,Medium,USA,184272
Software Engineer,3,Bachelor,4,Consulting,Startup,UK,111764
DevOps Engineer,8,Bachelor,9,Technology,Startup,USA,222992
Frontend Developer,1,Bachelor,6,Technology,Large,USA,169107
Cybersecurity Analyst,1,Master,17,Retail,Medium,USA,167882
AI Engineer,9,Diploma,11,Education,Large,Canada,234053
Software Engineer,3,Master,4,Finance,Medium,Remote,181469
Business Analyst,5,Bachelor,9,Finance,Enterprise,India,28340
Data Analyst,8,Bachelor,16,Consulting,Medium,USA,136809
Software Engineer,23,Master,3,Technology,Small,India,65035
Cybersecurity Analyst,6,Bachelor,4,Telecom,Large,USA,239298
Backend Developer,2,Diploma,3,Technology,Startup,India,26221
Software Engineer,9,Bachelor,13,Finance,Enterprise,Canada,207514
Data Scientist,2,Bachelor,19,Technology,Enterprise,Germany,154678
Cloud Engineer,11,Master,1,Technology,Large,USA,226573
Data Analyst,2,Bachelor,6,Technology,Enterprise,USA,163142
Cybersecurity Analyst,1,Bachelor,3,Healthcare,Medium,Remote,111978
Backend Developer,5,Bachelor,3,Technology,Startup,UK,122089
Frontend Developer,6,High School,16,Technology,Medium,Germany,89215
DevOps Engineer,2,PhD,10,Technology,Large,Germany,218881
Cybersecurity Analyst,3,Bachelor,17,Consulting,Medium,Canada,133247
Software Engineer,7,Bachelor,7,Technology,Startup,India,38234
Data Analyst,5,Master,13,Technology,Startup,India,33613
Software Engineer,6,Bachelor,11,Media,Enterprise,India,76897
Data Analyst,11,Bachelor,10,Finance,Enterprise,USA,224772
Frontend Developer,6,Master,7,Manufacturing,Large,India,46559
Backend Developer,13,High School,6,Technology,Large,India,28085
Frontend Developer,9,Bachelor,1,Government,Small,Netherlands,85476
Software Engineer,3,Master,17,Technology,Startup,India,38442
Frontend Developer,11,Bachelor,12,Education,Medium,Australia,244341
Data Scientist,6,Diploma,4,Manufacturing,Large,India,54087
Software Engineer,10,Diploma,3,Government,Large,Netherlands,139014
Frontend Developer,6,Bachelor,6,Government,Large,Germany,145231
Software Engineer,15,Bachelor,16,Healthcare,Large,Canada,198083
Software Engineer,1,Bachelor,13,Technology,Large,Australia,140588
Backend Developer,4,Master,9,Consulting,Large,USA,224640
Data Analyst,7,Bachelor,11,Technology,Enterprise,USA,186576
DevOps Engineer,5,Bachelor,20,Consulting,Large,UK,117139
Data Analyst,2,Master,13,Education,Enterprise,Germany,130653
Data Analyst,14,Bachelor,19,Retail,Enterprise,USA,173549
Software Engineer,4,Diploma,3,Consulting,Large,USA,156130
Software Engineer,9,Bachelor,12,Finance,Large,UK,141753
DevOps Engineer,7,Master,19,Technology,Small,India,54071
Cloud Engineer,8,Bachelor,8,Consulting,Small,Canada,196608
Software Engineer,1,Master,14,Consulting,Enterprise,Singapore,164100
Product Manager,4,Bachelor,9,Finance,Large,USA,277018
Machine Learning Engineer,8,Diploma,17,Finance,Enterprise,India,68328
Product Manager,9,Bachelor,6,Technology,Large,Germany,235102
Frontend Developer,9,High School,4,Technology,Large,India,33411
Software Engineer,2,Bachelor,4,Healthcare,Startup,Germany,113116
Software Engineer,1,Bachelor,19,Telecom,Large,Sweden,121907
Cybersecurity Analyst,1,High School,12,Technology,Small,USA,92483
Software Engineer,5,Bachelor,2,Consulting,Large,Germany,151950
Data Scientist,5,Master,17,Technology,Medium,Canada,200831
Data Scientist,5,PhD,15,Manufacturing,Medium,India,49802
Data Scientist,1,Bachelor,10,Technology,Startup,UK,134788
Software Engineer,3,Bachelor,3,Retail,Large,UK,131515
Software Engineer,14,Bachelor,20,Telecom,Large,USA,259283
AI Engineer,6,Bachelor,4,Technology,Large,UK,250726
Backend Developer,4,Master,1,Technology,Large,India,45492
Software Engineer,14,Bachelor,1,Consulting,Large,India,55676
Data Analyst,16,Master,18,Technology,Large,USA,197524
Machine Learning Engineer,3,Bachelor,4,Technology,Small,UK,104696
AI Engineer,6,Bachelor,15,Technology,Medium,USA,246411
Data Analyst,1,Master,10,Finance,Medium,India,25000
AI Engineer,0,High School,17,Technology,Medium,Remote,149025
Software Engineer,4,Bachelor,12,Finance,Small,USA,135648
DevOps Engineer,1,Master,20,Technology,Enterprise,Netherlands,163482
Software Engineer,3,Bachelor,12,Technology,Enterprise,Germany,105807
Software Engineer,6,High School,16,Technology,Medium,UK,120966
Software Engineer,12,Bachelor,5,Finance,Medium,USA,205677
Machine Learning Engineer,6,Master,16,Telecom,Enterprise,Australia,199523
Software Engineer,3,Bachelor,17,Government,Enterprise,USA,201213
Software Engineer,17,PhD,15,Technology,Small,Germany,200904
DevOps Engineer,5,PhD,13,Technology,Enterprise,India,62129
Business Analyst,10,Master,8,Technology,Small,USA,155348
Data Analyst,10,Diploma,2,Consulting,Enterprise,Germany,128185
Software Engineer,4,Diploma,8,Technology,Medium,USA,152301
Frontend Developer,0,Master,10,Finance,Large,USA,153824
Software Engineer,3,Bachelor,7,Technology,Enterprise,Singapore,165839
Data Scientist,3,Master,10,Technology,Enterprise,USA,239660
Backend Developer,5,Bachelor,4,Finance,Small,USA,125999
Machine Learning Engineer,4,Bachelor,11,Finance,Small,USA,164804
Software Engineer,4,Bachelor,9,Technology,Enterprise,India,65525
DevOps Engineer,5,Bachelor,4,Technology,Small,Australia,160100
Cybersecurity Analyst,5,Diploma,3,Healthcare,Large,Canada,175806
Software Engineer,1,PhD,11,Finance,Startup,USA,172098
Frontend Developer,5,Bachelor,3,Technology,Large,India,45531
Data Analyst,8,Master,18,Technology,Startup,India,40416
Software Engineer,17,Diploma,19,Technology,Medium,USA,213990
Cloud Engineer,5,Master,14,Finance,Medium,Australia,179824
DevOps Engineer,9,Diploma,11,Technology,Medium,Sweden,144062
Frontend Developer,7,Bachelor,2,Consulting,Medium,USA,176607
Data Analyst,2,Master,2,Technology,Medium,USA,121779
Software Engineer,6,Bachelor,2,Finance,Large,Sweden,157805
Software Engineer,13,High School,10,Technology,Medium,UK,171690
Cloud Engineer,13,Bachelor,15,Consulting,Large,USA,281573
Data Scientist,13,Master,12,Manufacturing,Large,India,88500
Software Engineer,25,Bachelor,11,Finance,Enterprise,USA,350000
DevOps Engineer,8,Bachelor,17,Government,Large,USA,328931
DevOps Engineer,3,Bachelor,18,Technology,Startup,Remote,103710
Software Engineer,8,Bachelor,14,Technology,Large,Canada,151408
DevOps Engineer,2,Master,17,Technology,Enterprise,USA,250879
Backend Developer,7,Bachelor,15,Finance,Large,UK,188328
Data Analyst,2,PhD,12,Technology,Enterprise,USA,164455
Frontend Developer,2,Master,16,Technology,Medium,Australia,135907
Software Engineer,0,Bachelor,6,Technology,Large,Australia,129670
Cloud Engineer,7,Bachelor,2,Finance,Startup,Canada,155856
Frontend Developer,12,Bachelor,2,Technology,Medium,Canada,196216
Software Engineer,5,PhD,16,Technology,Enterprise,USA,233193
Software Engineer,5,Diploma,2,Technology,Startup,Canada,101819
Data Analyst,3,High School,8,Government,Medium,India,25000
Software Engineer,10,Master,7,Technology,Medium,Sweden,180128
Frontend Developer,11,Bachelor,1,Finance,Small,India,44786
Data Analyst,1,Diploma,4,Finance,Enterprise,USA,143215
Software Engineer,6,Diploma,11,Technology,Medium,USA,172067
Software Engineer,9,Bachelor,20,Technology,Enterprise,USA,321304
Software Engineer,3,Bachelor,7,Government,Enterprise,USA,275008
Backend Developer,1,PhD,18,Technology,Enterprise,India,48162
Machine Learning Engineer,2,Master,4,Technology,Medium,Australia,160939
Data Analyst,14,PhD,17,Consulting,Enterprise,USA,312764
Software Engineer,11,Master,11,Technology,Large,India,74813
AI Engineer,12,Master,11,Technology,Medium,India,77976
Data Analyst,1,Diploma,20,Technology,Large,Sweden,66093
Data Analyst,9,Master,11,Technology,Enterprise,Canada,200371
Software Engineer,14,PhD,15,Technology,Startup,UK,162572
Frontend Developer,3,PhD,14,Government,Large,USA,184208
Software Engineer,4,Bachelor,17,Technology,Medium,Canada,144667
Software Engineer,6,Master,2,Education,Medium,USA,170519
DevOps Engineer,7,High School,18,Technology,Medium,Singapore,93989
Software Engineer,3,Bachelor,16,Finance,Large,Canada,113254
Software Engineer,10,Diploma,12,Technology,Startup,USA,151402
Data Analyst,8,Bachelor,10,Technology,Medium,Germany,126065
Backend Developer,2,Master,16,Finance,Small,Australia,119536
Data Analyst,10,Master,3,Technology,Enterprise,USA,212070
Data Analyst,4,Bachelor,8,Retail,Large,USA,132430
Frontend Developer,8,Bachelor,2,Technology,Small,Canada,126507
Machine Learning Engineer,2,Master,1,Retail,Medium,India,37638
Software Engineer,2,Master,14,Technology,Large,Singapore,94522
AI Engineer,1,Bachelor,4,Education,Medium,India,45227
Software Engineer,11,Bachelor,4,Technology,Enterprise,UK,224102
Backend Developer,9,High School,9,Healthcare,Medium,UK,150649
Software Engineer,6,Bachelor,3,Consulting,Enterprise,India,53726
Business Analyst,1,Master,5,Telecom,Medium,USA,140173
Data Analyst,13,Bachelor,1,Healthcare,Large,UK,142559
Backend Developer,8,Bachelor,19,Technology,Large,India,52775
Frontend Developer,3,Bachelor,1,Technology,Large,USA,156238
Data Scientist,6,Master,10,Manufacturing,Medium,India,69279
Machine Learning Engineer,4,Bachelor,12,Consulting,Medium,India,51195
Data Analyst,8,High School,10,Media,Large,Canada,116854
Data Analyst,2,Master,2,Technology,Medium,USA,101233
Software Engineer,0,Master,16,Telecom,Large,India,39441
Data Analyst,7,Bachelor,8,Media,Large,UK,146246
Software Engineer,8,High School,14,Technology,Enterprise,USA,224297
Software Engineer,1,Bachelor,15,Technology,Medium,USA,95197
Software Engineer,0,Diploma,16,Technology,Medium,Germany,84392
Software Engineer,6,Bachelor,11,Technology,Medium,Remote,166635
Data Scientist,7,Diploma,12,Retail,Medium,Netherlands,104980
Business Analyst,4,Diploma,2,Manufacturing,Large,Germany,84834
Software Engineer,2,Bachelor,4,Finance,Medium,UK,93523
Data Analyst,17,PhD,3,Media,Enterprise,India,53365
Data Analyst,7,Bachelor,9,Technology,Large,India,43194
Software Engineer,11,Bachelor,18,Telecom,Large,USA,218771
Frontend Developer,1,Master,19,Telecom,Large,India,39899
Business Analyst,12,Bachelor,7,Technology,Large,India,52849
Software Engineer,7,PhD,4,Retail,Large,USA,218246
Data Scientist,16,Master,6,Technology,Large,UK,350000
Software Engineer,8,Master,19,Healthcare,Medium,Sweden,167005
Software Engineer,5,Diploma,1,Technology,Medium,USA,169123
DevOps Engineer,4,Bachelor,16,Consulting,Startup,Singapore,94540
Product Manager,3,Diploma,11,Manufacturing,Enterprise,USA,185426
Frontend Developer,5,Bachelor,4,Healthcare,Enterprise,India,56361
Cloud Engineer,8,Bachelor,18,Consulting,Medium,UK,181226
Software Engineer,9,Master,5,Healthcare,Medium,India,50658
Cybersecurity Analyst,2,Bachelor,6,Consulting,Large,Canada,110887
Frontend Developer,1,Diploma,2,Retail,Large,USA,143514
Data Analyst,6,Bachelor,12,Technology,Enterprise,USA,181043
Cybersecurity Analyst,1,Bachelor,9,Technology,Enterprise,Netherlands,142049
Backend Developer,5,Bachelor,20,Government,Large,Singapore,141991
Software Engineer,1,Bachelor,12,Technology,Large,USA,135681
Software Engineer,9,Bachelor,13,Technology,Small,India,39833
Software Engineer,3,Diploma,17,Healthcare,Startup,India,25000
Software Engineer,4,Bachelor,5,Media,Medium,UK,116888
Frontend Developer,1,Master,20,Technology,Large,UK,161992
DevOps Engineer,10,High School,13,Education,Large,USA,163852
Software Engineer,6,Master,13,Media,Large,USA,272265
Software Engineer,6,PhD,10,Healthcare,Large,UK,228957
AI Engineer,1,Bachelor,15,Consulting,Large,India,59420
Frontend Developer,0,PhD,15,Finance,Large,Singapore,135664
Software Engineer,2,High School,18,Technology,Enterprise,Sweden,96750
Cybersecurity Analyst,3,Bachelor,18,Technology,Small,Remote,119329
Backend Developer,2,Diploma,2,Finance,Large,India,25000
Software Engineer,16,PhD,11,Healthcare,Large,Canada,271573
Frontend Developer,11,Master,13,Technology,Small,USA,168526
AI Engineer,5,Master,11,Healthcare,Enterprise,Sweden,201023
Software Engineer,2,Bachelor,4,Government,Medium,USA,146921
Frontend Developer,2,PhD,15,Consulting,Large,USA,188200
Data Scientist,5,Master,11,Technology,Large,Singapore,184081
Software Engineer,6,Bachelor,18,Consulting,Large,India,67844
Software Engineer,3,Master,16,Healthcare,Large,Netherlands,166609
DevOps Engineer,7,Bachelor,10,Finance,Small,USA,191667
Software Engineer,3,Bachelor,12,Finance,Enterprise,USA,187792
DevOps Engineer,1,Bachelor,13,Finance,Small,Australia,114968
Software Engineer,7,Bachelor,9,Consulting,Small,Sweden,109996
Software Engineer,0,Diploma,13,Technology,Medium,Germany,97702
Software Engineer,1,Bachelor,6,Consulting,Large,USA,158747
Software Engineer,2,Bachelor,6,Manufacturing,Startup,Sweden,82546
DevOps Engineer,3,Master,11,Telecom,Enterprise,USA,244031
Software Engineer,8,High School,19,Retail,Small,India,27050
Data Analyst,1,Master,11,Finance,Enterprise,Canada,167281
DevOps Engineer,4,Bachelor,10,Technology,Enterprise,USA,240866
Frontend Developer,6,Master,15,Technology,Medium,India,56755
Frontend Developer,6,Bachelor,13,Technology,Large,Canada,203961
Software Engineer,8,Master,8,Finance,Large,USA,260133
DevOps Engineer,4,Diploma,5,Technology,Medium,USA,138156
Software Engineer,3,Master,2,Technology,Enterprise,Canada,132876
Product Manager,12,Bachelor,16,Finance,Enterprise,USA,282929
Software Engineer,2,Diploma,13,Finance,Large,Singapore,122399
Software Engineer,2,Master,19,Telecom,Medium,USA,154057
Cybersecurity Analyst,2,Master,9,Telecom,Medium,India,45368
Software Engineer,2,PhD,15,Finance,Large,USA,134474
Software Engineer,14,Bachelor,6,Technology,Medium,USA,288044
Product Manager,15,Bachelor,8,Technology,Small,USA,299865
AI Engineer,9,Master,14,Technology,Large,Netherlands,179817
Software Engineer,7,Bachelor,5,Technology,Startup,India,44087
Software Engineer,2,Bachelor,17,Education,Medium,UK,149219
Data Scientist,3,PhD,7,Media,Large,Netherlands,226052
Software Engineer,1,Bachelor,9,Technology,Large,USA,147095
Data Analyst,4,Bachelor,16,Healthcare,Startup,Germany,104107
Software Engineer,1,Diploma,18,Technology,Medium,Singapore,112474
Product Manager,5,Bachelor,13,Government,Startup,USA,213187
Data Analyst,2,Master,18,Consulting,Large,Germany,129329
Software Engineer,6,Bachelor,10,Technology,Small,Remote,148788
Data Scientist,2,Master,1,Technology,Large,Germany,182022
Software Engineer,0,Bachelor,18,Media,Medium,USA,120598
Frontend Developer,2,Diploma,19,Technology,Large,Canada,109315
Frontend Developer,6,Diploma,2,Technology,Medium,USA,144691
Software Engineer,6,Bachelor,4,Technology,Small,India,36106
Frontend Developer,6,PhD,11,Healthcare,Medium,India,49770
Machine Learning Engineer,5,Bachelor,3,Technology,Large,USA,276394
DevOps Engineer,5,Bachelor,9,Finance,Medium,UK,200672
Machine Learning Engineer,8,Bachelor,10,Technology,Medium,UK,125861
Frontend Developer,0,PhD,2,Finance,Large,Germany,165973
Software Engineer,13,High School,7,Finance,Enterprise,Germany,156739
Software Engineer,4,Bachelor,15,Technology,Medium,India,44487
Frontend Developer,8,Bachelor,19,Education,Large,UK,209493
Software Engineer,4,Diploma,10,Technology,Large,Canada,170292
Data Analyst,2,Master,20,Technology,Medium,USA,106768
Frontend Developer,3,Diploma,14,Finance,Large,USA,131870
Software Engineer,1,Diploma,4,Technology,Large,USA,137727
Product Manager,2,Bachelor,11,Retail,Large,India,47533
DevOps Engineer,7,Bachelor,3,Technology,Large,India,77071
DevOps Engineer,5,Master,17,Finance,Medium,UK,165728
Software Engineer,0,Bachelor,7,Education,Startup,Australia,74453
Software Engineer,2,Bachelor,11,Technology,Large,Remote,146635
Cloud Engineer,4,Bachelor,18,Technology,Enterprise,USA,169468
Data Analyst,4,Bachelor,14,Telecom,Enterprise,UK,120851
Product Manager,17,Bachelor,14,Technology,Enterprise,Netherlands,325042
Software Engineer,5,Bachelor,6,Technology,Medium,India,36111
DevOps Engineer,0,Bachelor,9,Technology,Large,Canada,136140
Data Analyst,5,Bachelor,3,Technology,Enterprise,India,38451
Data Analyst,1,Bachelor,17,Healthcare,Large,USA,126482
Software Engineer,4,Bachelor,12,Technology,Medium,USA,180625
Software Engineer,18,Bachelor,4,Finance,Small,Netherlands,208064
Software Engineer,3,Master,20,Technology,Medium,Remote,220928
Software Engineer,9,Bachelor,16,Technology,Small,India,45689
AI Engineer,5,Bachelor,10,Finance,Enterprise,Netherlands,233859
Frontend Developer,13,Diploma,7,Healthcare,Startup,India,30925
Cloud Engineer,7,Bachelor,10,Finance,Large,USA,203431
Frontend Developer,10,Bachelor,7,Retail,Medium,USA,202336
Data Analyst,6,Bachelor,18,Technology,Medium,UK,99821
Data Analyst,3,Bachelor,9,Technology,Small,Sweden,67931
Cloud Engineer,12,Bachelor,18,Healthcare,Large,Singapore,240453
Frontend Developer,6,Bachelor,17,Education,Medium,India,39325
Software Engineer,3,High School,11,Education,Startup,Canada,233272
Backend Developer,2,High School,1,Technology,Large,USA,129363
Cybersecurity Analyst,6,Bachelor,17,Healthcare,Medium,Canada,203638
Software Engineer,10,Master,4,Education,Enterprise,UK,304508
Frontend Developer,6,Bachelor,4,Education,Medium,UK,115426
Software Engineer,3,High School,14,Retail,Small,USA,100199
Business Analyst,6,Bachelor,9,Technology,Large,India,37825
Data Analyst,8,Master,13,Technology,Enterprise,UK,172105
Data Analyst,1,PhD,16,Technology,Enterprise,India,32832
Data Analyst,1,Bachelor,1,Retail,Small,UK,69748
Software Engineer,8,Diploma,3,Technology,Medium,India,39735
Backend Developer,1,Bachelor,19,Finance,Large,India,41924
Software Engineer,4,Bachelor,8,Technology,Medium,Germany,141936
Software Engineer,5,High School,18,Technology,Startup,Germany,93428
Machine Learning Engineer,2,Master,6,Technology,Enterprise,India,69756
Software Engineer,4,Master,20,Technology,Medium,Canada,143864
Software Engineer,5,Bachelor,6,Finance,Large,UK,187820
Data Analyst,11,Master,5,Technology,Enterprise,USA,167175
Backend Developer,10,Bachelor,12,Technology,Enterprise,UK,215467
Business Analyst,6,PhD,9,Technology,Large,Germany,149379
Cloud Engineer,3,Master,9,Government,Enterprise,India,30133
Data Analyst,10,Bachelor,17,Technology,Small,USA,114133
Data Scientist,10,Bachelor,19,Manufacturing,Large,Germany,252693
DevOps Engineer,2,Bachelor,17,Retail,Large,USA,210562
Frontend Developer,5,Bachelor,16,Telecom,Large,India,35660
Software Engineer,3,Bachelor,12,Manufacturing,Large,Germany,290003
Data Analyst,6,High School,3,Technology,Small,Canada,67779
Data Scientist,2,Diploma,14,Finance,Large,Germany,149432
Data Analyst,8,Diploma,17,Media,Enterprise,USA,126880
AI Engineer,6,Bachelor,16,Retail,Large,Singapore,299738
Software Engineer,2,High School,12,Education,Medium,Germany,75692
Frontend Developer,8,Master,2,Technology,Small,USA,188993
Software Engineer,3,Bachelor,8,Technology,Large,Canada,156193
Data Scientist,0,Bachelor,12,Healthcare,Small,India,28706
Cloud Engineer,2,Bachelor,16,Technology,Startup,USA,154886
Frontend Developer,9,Diploma,8,Technology,Large,India,59159
Software Engineer,14,Bachelor,16,Finance,Large,USA,231341
Data Scientist,14,Master,10,Telecom,Medium,India,98472
AI Engineer,3,Diploma,20,Finance,Medium,USA,168177
Cybersecurity Analyst,4,Bachelor,15,Consulting,Large,India,51636
Software Engineer,3,Bachelor,4,Finance,Medium,USA,153253
Data Scientist,4,Bachelor,15,Media,Large,India,47419
AI Engineer,1,Master,4,Technology,Startup,India,38927
DevOps Engineer,3,High School,11,Consulting,Large,USA,157334
Software Engineer,5,Diploma,6,Technology,Enterprise,India,31580
Frontend Developer,9,Bachelor,4,Healthcare,Large,India,63724
Data Scientist,6,Diploma,9,Technology,Enterprise,Singapore,181983
Frontend Developer,4,Diploma,9,Consulting,Enterprise,Singapore,136565
Data Analyst,2,Master,3,Finance,Enterprise,USA,181340
Data Scientist,9,Bachelor,5,Government,Large,USA,113932
Data Analyst,1,Master,15,Technology,Large,Netherlands,65747
Data Analyst,1,Bachelor,9,Finance,Large,India,38573
DevOps Engineer,7,Bachelor,2,Technology,Large,USA,194988
Cybersecurity Analyst,8,Bachelor,3,Consulting,Large,India,51740
Data Scientist,0,High School,12,Media,Medium,USA,110517
Cloud Engineer,4,High School,16,Technology,Medium,USA,95479
Data Analyst,0,Master,5,Technology,Large,UK,98746
Software Engineer,4,Master,10,Finance,Small,India,32353
DevOps Engineer,3,Diploma,15,Technology,Large,USA,160076
Cybersecurity Analyst,12,Master,14,Retail,Medium,India,72607
Cloud Engineer,6,Bachelor,14,Technology,Large,UK,187334
Data Analyst,6,Master,13,Technology,Large,USA,175114
Software Engineer,11,Diploma,16,Healthcare,Medium,Remote,163607
Software Engineer,11,Master,8,Finance,Large,Germany,254025
Software Engineer,5,Bachelor,8,Healthcare,Large,Germany,181653
Backend Developer,2,Bachelor,17,Technology,Small,USA,122503
Product Manager,9,Diploma,17,Technology,Large,Canada,246988
Software Engineer,8,Master,3,Government,Enterprise,Australia,235103
Product Manager,7,PhD,1,Technology,Large,USA,265375
Backend Developer,5,Bachelor,17,Technology,Small,Canada,106032
Data Analyst,4,Diploma,16,Technology,Large,UK,94008
Product Manager,11,Diploma,17,Consulting,Enterprise,USA,310788
Data Analyst,3,Bachelor,2,Technology,Large,USA,126316
Product Manager,2,Master,14,Technology,Small,India,30868
DevOps Engineer,4,PhD,7,Retail,Enterprise,UK,209790
Data Scientist,2,Bachelor,19,Technology,Medium,Canada,101191
Machine Learning Engineer,8,Diploma,1,Media,Large,USA,186902
Cybersecurity Analyst,5,Bachelor,17,Technology,Medium,USA,171766
Software Engineer,0,PhD,10,Healthcare,Medium,UK,128458
DevOps Engineer,6,Bachelor,6,Consulting,Small,USA,203158
Software Engineer,4,Master,7,Technology,Large,UK,186113
Data Scientist,5,Diploma,6,Technology,Large,India,40470
Machine Learning Engineer,6,Bachelor,5,Retail,Enterprise,Australia,236167
Software Engineer,3,Diploma,2,Manufacturing,Large,UK,125250
Backend Developer,2,Bachelor,18,Government,Medium,Germany,110245
Data Analyst,7,Bachelor,17,Technology,Large,UK,121371
Data Scientist,1,Bachelor,7,Technology,Large,USA,137228
Cloud Engineer,2,High School,19,Finance,Large,USA,116404
Business Analyst,2,PhD,7,Technology,Enterprise,UK,121199
Backend Developer,9,Master,7,Technology,Medium,USA,121553
Data Scientist,11,Bachelor,16,Technology,Medium,Sweden,191114
Backend Developer,2,PhD,12,Media,Medium,Netherlands,96971
Software Engineer,2,Bachelor,15,Education,Small,UK,118090
Backend Developer,5,Diploma,15,Finance,Enterprise,USA,187584
DevOps Engineer,4,Bachelor,11,Technology,Large,UK,164653
Data Analyst,8,Bachelor,2,Finance,Large,Australia,154574
Backend Developer,7,High School,3,Technology,Medium,USA,165675
DevOps Engineer,15,Master,19,Technology,Large,Sweden,285779
Data Scientist,2,Master,20,Technology,Medium,USA,171926
Data Scientist,8,Diploma,15,Government,Large,USA,274630
Business Analyst,3,Diploma,16,Consulting,Medium,Canada,81846
Software Engineer,2,High School,1,Healthcare,Medium,USA,126598
Backend Developer,3,Master,15,Technology,Large,UK,100921
Software Engineer,3,PhD,12,Consulting,Startup,Germany,130516
Software Engineer,10,Bachelor,7,Technology,Enterprise,USA,194218
Frontend Developer,1,Bachelor,7,Consulting,Medium,Canada,111820
AI Engineer,2,Diploma,11,Technology,Large,Remote,192320
DevOps Engineer,5,Bachelor,20,Government,Medium,UK,183380
Product Manager,2,Bachelor,11,Technology,Medium,India,38933
Machine Learning Engineer,14,Master,17,Technology,Startup,USA,151480
DevOps Engineer,15,PhD,3,Government,Large,Remote,350000
Backend Developer,4,Bachelor,16,Media,Large,India,39962
Frontend Developer,7,Bachelor,5,Technology,Small,Germany,144489
Backend Developer,12,Bachelor,2,Consulting,Enterprise,Remote,251558
Software Engineer,4,Bachelor,7,Media,Medium,UK,129197
DevOps Engineer,7,Bachelor,10,Technology,Large,USA,269141
Backend Developer,1,Bachelor,5,Technology,Enterprise,USA,169939
Software Engineer,0,Master,15,Technology,Large,Canada,126525
Frontend Developer,9,Bachelor,12,Healthcare,Large,Sweden,169266
DevOps Engineer,4,Bachelor,10,Retail,Medium,India,38813
Frontend Developer,15,Master,17,Education,Large,UK,219761
Backend Developer,3,PhD,20,Finance,Medium,Remote,189689
Software Engineer,1,High School,20,Technology,Small,Sweden,54992
Data Scientist,8,Bachelor,11,Technology,Medium,USA,173873
Business Analyst,14,Bachelor,8,Technology,Large,India,50603
Backend Developer,1,Bachelor,15,Technology,Startup,USA,108630
Backend Developer,2,Bachelor,2,Finance,Small,Australia,101912
Software Engineer,12,Bachelor,17,Finance,Medium,Netherlands,156203
DevOps Engineer,18,Master,6,Education,Enterprise,Sweden,250185
Software Engineer,7,Bachelor,13,Technology,Medium,USA,217291
Software Engineer,2,Diploma,8,Consulting,Large,USA,119421
Software Engineer,11,Bachelor,11,Technology,Large,UK,190852
AI Engineer,4,Bachelor,15,Government,Enterprise,India,57795
Software Engineer,2,Bachelor,13,Technology,Medium,USA,138307
Software Engineer,3,Master,18,Technology,Enterprise,USA,265586
Data Analyst,8,Diploma,18,Technology,Enterprise,India,39095
Data Analyst,5,PhD,17,Technology,Medium,USA,167985
DevOps Engineer,7,PhD,13,Technology,Large,Australia,236145
Frontend Developer,9,Bachelor,3,Technology,Small,India,45835
Software Engineer,4,Bachelor,7,Manufacturing,Large,UK,168644
Business Analyst,9,PhD,12,Technology,Medium,USA,189898
Software Engineer,5,Bachelor,4,Healthcare,Small,USA,163957
AI Engineer,3,Bachelor,11,Healthcare,Small,India,45535
AI Engineer,1,Bachelor,14,Technology,Large,Netherlands,211601
Business Analyst,4,Bachelor,18,Technology,Small,USA,115507
Backend Developer,13,Bachelor,7,Technology,Large,India,55987
Software Engineer,8,PhD,5,Media,Medium,India,51712
Software Engineer,6,Bachelor,16,Technology,Startup,Australia,138978
Software Engineer,1,Master,11,Telecom,Large,India,45436
Cybersecurity Analyst,3,Bachelor,3,Technology,Enterprise,Australia,176803
AI Engineer,7,Bachelor,16,Telecom,Enterprise,Canada,294231
Software Engineer,9,High School,11,Finance,Enterprise,India,42080
Machine Learning Engineer,8,Bachelor,10,Technology,Medium,India,72934
AI Engineer,6,Bachelor,2,Technology,Medium,Singapore,179940
Product Manager,2,Bachelor,16,Telecom,Large,USA,193241
Software Engineer,9,Bachelor,17,Technology,Large,USA,199530
Data Scientist,3,Bachelor,10,Technology,Medium,Remote,183784
Cybersecurity Analyst,9,Bachelor,18,Consulting,Medium,Australia,176676
Frontend Developer,4,Bachelor,12,Technology,Medium,Canada,121764
Software Engineer,14,Diploma,8,Government,Medium,USA,168710
Software Engineer,3,Bachelor,3,Technology,Enterprise,USA,140776
DevOps Engineer,3,Bachelor,20,Technology,Large,Remote,160161
Software Engineer,4,Bachelor,3,Technology,Enterprise,Germany,137456
Business Analyst,2,Bachelor,6,Technology,Small,USA,86485
Frontend Developer,2,Master,2,Healthcare,Medium,USA,171982
Software Engineer,2,Master,3,Technology,Medium,UK,150949
Software Engineer,11,Diploma,17,Technology,Medium,USA,239636
Software Engineer,2,Master,9,Manufacturing,Large,Australia,180916
Machine Learning Engineer,3,High School,4,Healthcare,Large,USA,153099
Frontend Developer,19,Bachelor,2,Technology,Medium,USA,223747
Machine Learning Engineer,9,High School,9,Technology,Startup,Remote,161393
Frontend Developer,9,Bachelor,14,Consulting,Startup,Netherlands,83940
Data Analyst,17,High School,11,Manufacturing,Enterprise,India,37050
Backend Developer,4,Bachelor,2,Technology,Medium,UK,130997
Software Engineer,0,Bachelor,2,Consulting,Medium,India,32387
DevOps Engineer,8,Bachelor,5,Media,Large,USA,284106
Software Engineer,4,Bachelor,7,Finance,Enterprise,India,54397
Data Scientist,19,High School,4,Consulting,Large,USA,182865
Data Scientist,0,Bachelor,14,Government,Large,Germany,149974
Frontend Developer,2,Master,2,Technology,Large,India,46249
AI Engineer,3,Bachelor,12,Technology,Large,Remote,248525
Backend Developer,4,Bachelor,10,Technology,Large,India,51242
Backend Developer,1,Diploma,1,Technology,Medium,USA,113095
Software Engineer,6,Diploma,19,Education,Large,Canada,193445
Data Analyst,3,Master,16,Technology,Medium,UK,89572
Software Engineer,10,Diploma,15,Technology,Large,Germany,131625
Software Engineer,12,High School,14,Technology,Large,India,49015
AI Engineer,3,Bachelor,9,Education,Medium,Canada,168415
Data Scientist,7,Bachelor,15,Technology,Large,USA,256751
DevOps Engineer,5,Master,7,Technology,Medium,Canada,218916
Backend Developer,4,Bachelor,4,Manufacturing,Small,India,36541
DevOps Engineer,1,Bachelor,18,Technology,Medium,Canada,135725
Software Engineer,4,Bachelor,8,Healthcare,Large,India,41798
Business Analyst,9,Bachelor,12,Technology,Large,USA,125812
Backend Developer,6,Bachelor,15,Retail,Medium,Canada,148344
Software Engineer,2,Bachelor,15,Technology,Startup,Singapore,118418
Software Engineer,1,Bachelor,17,Telecom,Medium,USA,134855
Frontend Developer,4,Bachelor,2,Technology,Large,USA,184612
Software Engineer,2,Bachelor,12,Technology,Small,Remote,141823
DevOps Engineer,2,Master,3,Healthcare,Startup,Germany,156057
Data Analyst,2,PhD,7,Consulting,Enterprise,Singapore,136743
Data Analyst,5,Bachelor,6,Technology,Enterprise,Germany,122136
Software Engineer,7,Master,14,Technology,Enterprise,UK,152546
Software Engineer,2,High School,5,Technology,Small,Germany,66288
AI Engineer,2,Bachelor,4,Technology,Medium,Canada,162970
AI Engineer,1,Bachelor,15,Media,Large,Germany,146606
Data Analyst,5,Bachelor,7,Retail,Large,USA,162507
DevOps Engineer,9,Bachelor,3,Technology,Startup,Germany,217572
Software Engineer,4,Bachelor,13,Finance,Large,USA,243447
Software Engineer,7,Master,10,Technology,Enterprise,India,65660
Software Engineer,11,Bachelor,2,Technology,Large,Remote,157811
Data Analyst,5,Bachelor,12,Consulting,Medium,Remote,113900
Software Engineer,2,Bachelor,12,Healthcare,Large,India,51252
Data Scientist,2,Bachelor,19,Consulting,Large,Germany,119002
Data Analyst,2,High School,19,Telecom,Medium,India,25000
Software Engineer,15,Bachelor,3,Consulting,Enterprise,India,95926
DevOps Engineer,19,PhD,6,Finance,Small,Singapore,207201
Cloud Engineer,3,Bachelor,2,Finance,Small,Germany,105824
Data Scientist,10,High School,13,Consulting,Large,Australia,151823
Data Analyst,11,Bachelor,9,Consulting,Small,Singapore,87127
Machine Learning Engineer,1,Diploma,13,Technology,Enterprise,Remote,133735
Backend Developer,15,Master,14,Finance,Enterprise,USA,350000
Data Analyst,4,High School,19,Healthcare,Large,USA,130001
Machine Learning Engineer,3,Bachelor,11,Finance,Large,UK,82397
Product Manager,1,Bachelor,14,Technology,Large,India,63319
Frontend Developer,16,Bachelor,16,Technology,Enterprise,India,85086
AI Engineer,5,Bachelor,10,Consulting,Large,India,71273
Backend Developer,14,Bachelor,20,Healthcare,Small,India,43399
Backend Developer,11,Diploma,16,Technology,Large,Canada,191983
DevOps Engineer,3,Bachelor,2,Technology,Medium,USA,186375
Backend Developer,5,Master,16,Technology,Large,Netherlands,189552
Frontend Developer,2,Diploma,14,Manufacturing,Medium,UK,116991
Data Analyst,3,Diploma,18,Finance,Medium,Germany,97131
Software Engineer,6,Bachelor,6,Education,Large,Sweden,133428
Software Engineer,8,Bachelor,7,Technology,Small,USA,165934
Frontend Developer,0,Bachelor,13,Technology,Large,Canada,110297
Cybersecurity Analyst,0,Bachelor,2,Consulting,Enterprise,USA,194526
Software Engineer,3,Master,15,Finance,Startup,Canada,138530
Data Analyst,6,Diploma,17,Retail,Small,USA,107866
Data Scientist,12,PhD,13,Consulting,Large,USA,350000
Data Scientist,5,High School,7,Technology,Enterprise,UK,121276
Data Analyst,4,Master,1,Technology,Enterprise,USA,217181
Frontend Developer,7,Bachelor,3,Technology,Large,Singapore,190906
Software Engineer,2,High School,20,Technology,Large,Germany,96663
Cloud Engineer,5,Master,18,Technology,Large,UK,207864
Cloud Engineer,4,Bachelor,7,Technology,Large,USA,338663
Frontend Developer,5,Master,17,Media,Large,Canada,201397
Software Engineer,11,Diploma,12,Technology,Enterprise,India,60971
AI Engineer,1,Bachelor,16,Technology,Large,USA,230788
Software Engineer,4,Bachelor,10,Media,Large,Remote,187697
Data Analyst,8,Master,16,Telecom,Large,India,44627
Software Engineer,7,Master,20,Finance,Enterprise,Germany,207688
Backend Developer,1,Bachelor,18,Technology,Medium,Canada,167437
Data Scientist,0,Bachelor,15,Technology,Startup,USA,124347
Data Analyst,8,Master,11,Finance,Medium,Australia,133709
Software Engineer,1,Bachelor,18,Technology,Medium,Netherlands,94682
Data Analyst,5,Diploma,6,Media,Large,India,29932
Software Engineer,10,Bachelor,1,Technology,Medium,USA,251981
Software Engineer,1,Master,7,Education,Startup,USA,155284
Backend Developer,15,High School,12,Technology,Medium,USA,184221
Software Engineer,7,Master,20,Technology,Large,Netherlands,198615
Cybersecurity Analyst,25,Bachelor,4,Technology,Enterprise,India,126845
Software Engineer,3,High School,10,Consulting,Enterprise,USA,149510
Cloud Engineer,12,Master,2,Finance,Medium,USA,179391
Data Analyst,3,Master,9,Technology,Startup,USA,127481
AI Engineer,5,Bachelor,10,Manufacturing,Large,Sweden,189442
Data Scientist,2,Master,20,Technology,Medium,UK,161094
Data Analyst,4,PhD,11,Consulting,Medium,India,34124
Data Scientist,9,Bachelor,14,Education,Medium,Sweden,218621
Data Scientist,15,Master,3,Finance,Medium,India,86885
Product Manager,2,Bachelor,1,Healthcare,Large,India,49863
Cybersecurity Analyst,5,Bachelor,7,Manufacturing,Enterprise,USA,190151
Software Engineer,3,Diploma,4,Finance,Large,Remote,159571
Product Manager,5,PhD,7,Technology,Enterprise,India,80544
Software Engineer,10,PhD,16,Technology,Enterprise,Netherlands,236205
Software Engineer,3,Bachelor,10,Healthcare,Large,USA,106331
Data Analyst,7,High School,15,Technology,Large,Canada,102546
Frontend Developer,2,Diploma,16,Education,Enterprise,Sweden,102784
Cybersecurity Analyst,11,Bachelor,6,Government,Large,Remote,202980
Data Scientist,8,Diploma,4,Healthcare,Enterprise,USA,259974
Software Engineer,2,Master,4,Technology,Large,USA,213049
Data Analyst,2,Master,4,Finance,Medium,Remote,120084
Frontend Developer,12,Bachelor,17,Manufacturing,Large,Germany,211808
Backend Developer,18,Bachelor,13,Finance,Large,Australia,181996
Cloud Engineer,2,Bachelor,2,Retail,Large,India,43027
Data Scientist,9,Bachelor,20,Retail,Startup,USA,122823
Business Analyst,3,Bachelor,6,Manufacturing,Small,Canada,76967
Cloud Engineer,12,Bachelor,1,Education,Large,Germany,268058
Frontend Developer,3,Bachelor,8,Education,Enterprise,Singapore,128723
Software Engineer,8,Bachelor,18,Technology,Enterprise,India,67723
Business Analyst,5,Master,4,Technology,Enterprise,USA,138655
Data Scientist,0,Master,5,Technology,Small,Canada,162889
Data Analyst,2,Diploma,5,Healthcare,Large,Canada,124910
Software Engineer,8,Bachelor,15,Government,Medium,USA,174850
DevOps Engineer,7,Diploma,10,Technology,Startup,USA,173737
Data Scientist,6,Bachelor,8,Telecom,Small,India,41727
Software Engineer,15,Bachelor,7,Technology,Large,USA,303887
DevOps Engineer,9,Bachelor,12,Technology,Large,USA,271457
Cloud Engineer,8,Master,11,Healthcare,Medium,Singapore,149775
Data Scientist,0,Master,13,Technology,Startup,USA,71667
Data Analyst,9,Bachelor,15,Healthcare,Medium,Canada,126583
Software Engineer,1,Bachelor,17,Consulting,Enterprise,USA,181911
Data Analyst,4,PhD,18,Technology,Small,Germany,116482
Software Engineer,1,Bachelor,8,Consulting,Large,India,41088
Backend Developer,7,Bachelor,6,Government,Medium,UK,114825
Product Manager,10,Diploma,11,Government,Large,Canada,201384
Software Engineer,4,Bachelor,9,Consulting,Enterprise,USA,204298
Software Engineer,4,Bachelor,5,Technology,Enterprise,USA,227920
Software Engineer,2,Diploma,7,Finance,Large,India,25000
Data Scientist,10,Master,15,Consulting,Large,India,75116
Software Engineer,1,Bachelor,4,Technology,Medium,USA,133536
AI Engineer,5,Bachelor,19,Finance,Large,India,72924
Frontend Developer,4,Bachelor,13,Technology,Large,UK,135799
Machine Learning Engineer,6,Bachelor,1,Media,Large,UK,212655
Data Scientist,8,Master,1,Government,Enterprise,Canada,276978
Data Scientist,4,Bachelor,14,Technology,Large,Remote,162849
Software Engineer,9,Master,9,Technology,Medium,India,56957
Machine Learning Engineer,4,Bachelor,12,Technology,Small,UK,140584
Software Engineer,6,Bachelor,18,Telecom,Small,USA,176180
Cloud Engineer,1,Master,9,Healthcare,Enterprise,UK,188490
Software Engineer,3,Master,8,Finance,Enterprise,India,53157
Frontend Developer,1,PhD,14,Technology,Large,India,36150
DevOps Engineer,5,Bachelor,9,Technology,Medium,India,51280
DevOps Engineer,8,High School,20,Consulting,Medium,USA,152086
Software Engineer,4,Bachelor,2,Technology,Enterprise,USA,150828
DevOps Engineer,4,Bachelor,1,Finance,Small,India,29198
Data Analyst,6,Bachelor,13,Technology,Medium,India,39379
Backend Developer,7,Bachelor,10,Technology,Small,India,33316
Product Manager,0,Master,8,Finance,Enterprise,USA,283126
Frontend Developer,3,Diploma,7,Manufacturing,Enterprise,India,34870
Data Analyst,1,Master,12,Media,Enterprise,Canada,125606
Software Engineer,3,Bachelor,17,Technology,Medium,Netherlands,117169
Data Analyst,13,Master,12,Technology,Medium,India,44713
Cloud Engineer,8,Bachelor,16,Technology,Large,UK,143493
Software Engineer,4,Bachelor,10,Consulting,Medium,Germany,132701
Data Scientist,16,Bachelor,12,Technology,Large,Australia,253361
Data Analyst,6,Master,11,Technology,Large,USA,165064
Data Analyst,22,Diploma,14,Media,Large,Sweden,163221
Software Engineer,5,Bachelor,20,Technology,Startup,USA,158943
Backend Developer,3,Bachelor,13,Technology,Large,USA,212475
Software Engineer,1,Bachelor,2,Technology,Medium,Canada,112561
Cybersecurity Analyst,7,Master,20,Technology,Medium,Remote,168927
Data Analyst,3,Bachelor,7,Technology,Medium,UK,76809
Software Engineer,5,Bachelor,1,Technology,Large,Canada,152923
Data Analyst,7,Bachelor,3,Telecom,Large,Singapore,149347
Cybersecurity Analyst,2,Bachelor,20,Technology,Small,USA,121557
Software Engineer,6,Bachelor,12,Technology,Enterprise,Remote,231033
Software Engineer,4,Master,5,Technology,Large,India,48717
Software Engineer,1,Master,12,Healthcare,Large,USA,144337
Backend Developer,7,PhD,3,Finance,Enterprise,Remote,274805
Software Engineer,8,Bachelor,20,Healthcare,Medium,Germany,138201
Data Analyst,12,Bachelor,5,Technology,Enterprise,USA,197741
Data Analyst,1,Bachelor,1,Finance,Large,USA,111593
DevOps Engineer,18,Bachelor,16,Finance,Enterprise,Netherlands,228203
Software Engineer,2,Bachelor,9,Consulting,Small,UK,103500
Software Engineer,0,Master,10,Consulting,Enterprise,UK,145022
Data Analyst,5,Bachelor,10,Technology,Startup,USA,221545
DevOps Engineer,6,Bachelor,13,Technology,Enterprise,UK,236643
Software Engineer,4,Diploma,16,Finance,Small,Singapore,106004
Data Analyst,1,Bachelor,20,Technology,Small,India,25000
Product Manager,3,Bachelor,4,Technology,Large,India,36548
Product Manager,6,Bachelor,14,Education,Small,India,41423
Backend Developer,20,Bachelor,17,Retail,Large,USA,282843
Backend Developer,1,Diploma,5,Healthcare,Medium,India,27651
Data Analyst,3,Bachelor,13,Healthcare,Large,Canada,114505
Cybersecurity Analyst,1,Bachelor,3,Technology,Startup,India,36524
AI Engineer,3,Bachelor,5,Consulting,Enterprise,UK,226161
Backend Developer,4,Bachelor,16,Media,Large,India,51354
Frontend Developer,10,Bachelor,19,Technology,Large,India,53696
Data Analyst,6,Diploma,19,Technology,Enterprise,India,36605
Backend Developer,13,Bachelor,17,Education,Medium,USA,274750
Machine Learning Engineer,4,Master,18,Government,Enterprise,UK,254693
DevOps Engineer,0,Bachelor,18,Technology,Medium,USA,175265
Software Engineer,6,Bachelor,8,Technology,Large,UK,186470
Data Scientist,0,Master,18,Technology,Enterprise,Germany,133447
Backend Developer,9,Bachelor,9,Technology,Small,USA,164906
AI Engineer,4,Bachelor,19,Finance,Large,USA,239808
Software Engineer,2,Master,10,Media,Large,Remote,350000
Data Scientist,1,Master,2,Consulting,Small,India,36042
Backend Developer,3,Diploma,17,Technology,Enterprise,India,34959
Software Engineer,4,Bachelor,13,Consulting,Enterprise,USA,216406
Software Engineer,16,Master,11,Healthcare,Small,Australia,229201
Cybersecurity Analyst,4,PhD,16,Government,Medium,UK,162372
Backend Developer,5,Bachelor,20,Technology,Medium,USA,162127
Cybersecurity Analyst,4,Bachelor,7,Manufacturing,Large,India,57349
Data Analyst,5,Bachelor,3,Finance,Startup,UK,129278
Frontend Developer,5,Bachelor,16,Technology,Enterprise,USA,178742
Product Manager,4,Bachelor,19,Finance,Medium,USA,176456
Cloud Engineer,2,Master,20,Retail,Enterprise,USA,251351
Data Analyst,8,Bachelor,16,Technology,Enterprise,India,44025
Frontend Developer,1,Bachelor,2,Manufacturing,Enterprise,USA,138256
Cloud Engineer,7,High School,14,Healthcare,Enterprise,Remote,147036
Frontend Developer,8,PhD,20,Healthcare,Small,India,52063
Data Analyst,0,High School,10,Finance,Enterprise,USA,109854
Backend Developer,1,Bachelor,19,Retail,Large,India,44513
Software Engineer,0,PhD,11,Technology,Large,India,44053
Backend Developer,11,Bachelor,18,Technology,Large,India,70332
AI Engineer,3,PhD,11,Finance,Large,USA,219824
Cloud Engineer,11,Bachelor,9,Technology,Large,USA,300047
Data Scientist,3,Bachelor,19,Technology,Large,Netherlands,152044
Data Scientist,2,Bachelor,20,Healthcare,Large,India,46674
Cloud Engineer,2,PhD,10,Finance,Startup,Sweden,138341
Software Engineer,5,Bachelor,3,Consulting,Startup,India,40768
Frontend Developer,8,Bachelor,3,Consulting,Medium,USA,175499
Frontend Developer,5,Master,8,Manufacturing,Large,India,46455
Data Scientist,9,Bachelor,6,Retail,Large,Remote,186788
Software Engineer,4,Bachelor,20,Retail,Enterprise,Sweden,179529
Data Analyst,4,Master,1,Technology,Large,India,33952
DevOps Engineer,2,PhD,20,Finance,Medium,USA,248546
Backend Developer,2,PhD,6,Finance,Medium,USA,158902
Software Engineer,8,Master,2,Technology,Large,Canada,273573
Backend Developer,1,Bachelor,19,Technology,Enterprise,USA,126471
Product Manager,3,Bachelor,7,Finance,Startup,Australia,155879
AI Engineer,8,PhD,11,Technology,Large,India,100562
Backend Developer,1,Bachelor,11,Finance,Startup,India,36877
DevOps Engineer,12,Master,4,Consulting,Small,USA,196531
Software Engineer,2,Bachelor,20,Technology,Medium,USA,136332
Software Engineer,12,Diploma,16,Technology,Large,India,52724
Backend Developer,1,Bachelor,5,Finance,Large,USA,161916
Product Manager,8,PhD,7,Technology,Large,USA,349180
Data Analyst,3,Bachelor,16,Government,Large,USA,132030
Software Engineer,17,Diploma,15,Government,Enterprise,Australia,309813
Backend Developer,4,Bachelor,5,Consulting,Medium,India,52263
Frontend Developer,1,Bachelor,1,Finance,Small,UK,92400
Machine Learning Engineer,7,Bachelor,20,Finance,Enterprise,USA,332821
Software Engineer,3,Bachelor,9,Manufacturing,Medium,USA,165249
Data Analyst,7,Master,5,Technology,Small,Singapore,118717
Business Analyst,11,Diploma,6,Technology,Large,India,44333
Frontend Developer,8,Diploma,3,Media,Large,USA,159575
Software Engineer,0,Bachelor,6,Finance,Enterprise,USA,150970
Software Engineer,1,Bachelor,8,Technology,Large,USA,138199
Software Engineer,6,Diploma,6,Technology,Large,UK,186622
Data Analyst,6,PhD,16,Healthcare,Enterprise,UK,184305
Software Engineer,1,Diploma,16,Consulting,Small,USA,93713
Cloud Engineer,2,Bachelor,3,Retail,Enterprise,Germany,143409
AI Engineer,12,PhD,17,Healthcare,Large,USA,350000
AI Engineer,2,Bachelor,6,Technology,Medium,Sweden,166129
Data Analyst,8,Master,6,Consulting,Large,USA,233869
Software Engineer,10,Bachelor,19,Finance,Medium,India,53175
Frontend Developer,2,Master,20,Healthcare,Startup,India,35918
Machine Learning Engineer,4,Diploma,15,Consulting,Medium,Canada,160230
Backend Developer,8,Bachelor,19,Consulting,Large,USA,205061
Software Engineer,0,Diploma,2,Technology,Large,USA,111939
Data Scientist,3,Master,8,Consulting,Large,Australia,201793
Cybersecurity Analyst,11,PhD,7,Finance,Small,Remote,214346
Frontend Developer,6,Diploma,8,Technology,Small,India,31785
Backend Developer,6,Diploma,13,Retail,Medium,India,39809
Software Engineer,9,Bachelor,15,Technology,Startup,USA,226449
Backend Developer,3,Bachelor,12,Finance,Large,Canada,133423
Frontend Developer,1,Bachelor,15,Retail,Startup,USA,127403
Data Analyst,6,Master,14,Consulting,Large,USA,207291
Data Analyst,3,Master,7,Healthcare,Small,UK,186171
Software Engineer,3,Bachelor,17,Consulting,Startup,India,36053
AI Engineer,1,Master,5,Manufacturing,Medium,USA,194804
Software Engineer,7,Bachelor,20,Consulting,Large,Remote,242330
Data Analyst,4,Diploma,10,Finance,Large,USA,130224
Software Engineer,1,PhD,19,Consulting,Medium,USA,116988
Product Manager,10,Master,18,Government,Medium,USA,281831
AI Engineer,3,Bachelor,10,Media,Medium,Germany,152222
Frontend Developer,7,Bachelor,2,Technology,Large,USA,164591
Frontend Developer,14,Bachelor,6,Finance,Large,India,76519
Backend Developer,9,Bachelor,3,Healthcare,Enterprise,Australia,210225
Software Engineer,13,Master,19,Education,Small,Netherlands,148356
Product Manager,9,Bachelor,5,Telecom,Large,USA,248016
Software Engineer,3,Diploma,7,Healthcare,Large,USA,162184
Frontend Developer,2,Master,7,Technology,Enterprise,India,43677
DevOps Engineer,3,Bachelor,10,Finance,Medium,India,40658
Backend Developer,3,Diploma,1,Healthcare,Enterprise,UK,103000
Data Scientist,11,Master,11,Technology,Small,USA,350000
Data Analyst,3,Bachelor,7,Healthcare,Large,USA,140544
Cybersecurity Analyst,1,Bachelor,6,Retail,Large,UK,157679
Backend Developer,5,Master,6,Technology,Medium,USA,184851
Machine Learning Engineer,5,High School,13,Healthcare,Large,UK,138038
Data Analyst,2,Bachelor,16,Technology,Small,USA,73600
Frontend Developer,3,High School,13,Healthcare,Enterprise,Canada,133429
Cybersecurity Analyst,13,Diploma,2,Media,Large,Australia,250395
Data Analyst,7,Bachelor,19,Finance,Large,USA,156458
Cybersecurity Analyst,3,Diploma,19,Finance,Medium,USA,109276
Software Engineer,2,Bachelor,19,Retail,Medium,Canada,107846
DevOps Engineer,18,Bachelor,18,Media,Large,USA,302514
Software Engineer,15,PhD,6,Government,Large,Germany,314325
Software Engineer,9,Bachelor,2,Technology,Medium,Canada,175356
Backend Developer,4,Bachelor,19,Media,Small,India,25013
Software Engineer,2,PhD,6,Retail,Large,Canada,180726
Frontend Developer,2,Bachelor,20,Technology,Medium,India,31049
Frontend Developer,4,Diploma,15,Technology,Large,India,34197
Machine Learning Engineer,3,Bachelor,6,Healthcare,Large,Netherlands,195111
Backend Developer,4,Bachelor,3,Technology,Medium,USA,180552
Software Engineer,4,Bachelor,11,Technology,Medium,USA,189857
Backend Developer,2,Diploma,8,Telecom,Medium,USA,123194
Software Engineer,2,Bachelor,18,Technology,Large,Sweden,142994
Cybersecurity Analyst,3,Master,17,Telecom,Enterprise,India,50129
Backend Developer,4,Master,19,Technology,Medium,Canada,143690
Software Engineer,13,Master,19,Consulting,Startup,India,61651
Data Scientist,6,Diploma,17,Media,Startup,USA,156491
Frontend Developer,5,High School,4,Consulting,Medium,UK,81284
Frontend Developer,6,High School,7,Finance,Small,UK,80491
Data Analyst,10,Diploma,5,Retail,Enterprise,Netherlands,146824
Frontend Developer,25,Diploma,16,Healthcare,Large,USA,266676
Backend Developer,3,Master,6,Technology,Medium,USA,137416
Cybersecurity Analyst,17,Bachelor,14,Media,Medium,Canada,190595
Machine Learning Engineer,1,Bachelor,20,Technology,Large,USA,280031
Software Engineer,3,Master,2,Technology,Startup,UK,142221
Data Analyst,1,Bachelor,18,Media,Large,India,29068
Product Manager,8,Master,18,Healthcare,Startup,USA,249687
Cloud Engineer,9,Diploma,13,Technology,Startup,India,45427
Software Engineer,1,Diploma,18,Education,Large,Germany,98578
Software Engineer,10,Master,17,Healthcare,Medium,Canada,205220
Data Analyst,6,Diploma,13,Technology,Small,Singapore,79040
Business Analyst,8,Bachelor,12,Education,Large,Sweden,103664
Software Engineer,11,Bachelor,3,Technology,Small,USA,169631
Software Engineer,8,Master,7,Technology,Enterprise,India,69570
Machine Learning Engineer,1,Bachelor,1,Consulting,Small,Australia,102137
Frontend Developer,3,Bachelor,5,Technology,Medium,India,52699
Machine Learning Engineer,1,Bachelor,1,Healthcare,Enterprise,India,59924
Data Analyst,0,Diploma,4,Technology,Enterprise,Singapore,68118
Frontend Developer,1,Master,1,Finance,Enterprise,USA,113802
Software Engineer,3,Master,13,Consulting,Medium,India,40060
Cybersecurity Analyst,16,Bachelor,14,Technology,Medium,USA,301683
Software Engineer,4,Bachelor,15,Technology,Medium,Singapore,143156
DevOps Engineer,6,Master,17,Government,Large,India,60008
Software Engineer,3,Bachelor,12,Healthcare,Startup,Remote,122304
Product Manager,4,Master,7,Technology,Enterprise,Canada,199270
Software Engineer,5,PhD,19,Healthcare,Large,USA,228167
DevOps Engineer,3,Bachelor,3,Technology,Medium,Singapore,111636
Data Scientist,7,Master,18,Telecom,Enterprise,India,68106
Data Scientist,2,Master,4,Finance,Large,USA,261723
DevOps Engineer,1,Bachelor,3,Retail,Large,Germany,125802
Frontend Developer,1,Bachelor,12,Technology,Small,India,30578
Frontend Developer,9,Bachelor,12,Technology,Medium,USA,197154
Data Analyst,0,Bachelor,17,Technology,Startup,USA,76028
Data Analyst,4,High School,6,Technology,Enterprise,USA,99767
Software Engineer,1,High School,15,Technology,Medium,India,30653
Cybersecurity Analyst,7,Bachelor,2,Technology,Enterprise,India,52831
Cloud Engineer,4,Bachelor,8,Telecom,Enterprise,Germany,170833
Data Analyst,5,Diploma,14,Telecom,Medium,Germany,117163
Backend Developer,5,Bachelor,5,Manufacturing,Medium,Canada,162779
Cloud Engineer,5,Diploma,3,Consulting,Large,India,49100
Software Engineer,1,PhD,10,Technology,Small,USA,153787
Machine Learning Engineer,3,Diploma,7,Finance,Small,Canada,121259
Software Engineer,2,Bachelor,11,Government,Medium,UK,142170
Software Engineer,2,Bachelor,15,Retail,Medium,USA,101627
Software Engineer,5,Bachelor,2,Consulting,Medium,India,41747
Data Scientist,9,Bachelor,5,Technology,Startup,Singapore,111598
Frontend Developer,9,Bachelor,11,Technology,Large,USA,206359
AI Engineer,5,Bachelor,8,Technology,Medium,UK,179625
Backend Developer,3,Bachelor,13,Education,Medium,Canada,155053
Data Analyst,5,Diploma,11,Government,Medium,Netherlands,87881
Software Engineer,8,Diploma,17,Technology,Startup,India,34299
DevOps Engineer,2,Bachelor,15,Finance,Enterprise,India,48045
Cloud Engineer,4,Bachelor,1,Technology,Large,UK,168411
Backend Developer,3,Bachelor,19,Telecom,Large,UK,126317
Product Manager,2,Diploma,16,Finance,Enterprise,UK,158263
Data Analyst,4,Master,19,Healthcare,Enterprise,USA,211293
Software Engineer,3,Bachelor,13,Finance,Large,Germany,129741
Backend Developer,6,High School,4,Finance,Large,Netherlands,97999
Backend Developer,3,Bachelor,11,Healthcare,Medium,Remote,129388
Backend Developer,4,Master,18,Technology,Large,India,39369
Machine Learning Engineer,1,Bachelor,18,Technology,Medium,USA,191320
Software Engineer,8,PhD,10,Technology,Enterprise,Singapore,266978
Software Engineer,8,High School,17,Government,Large,India,46346
Software Engineer,2,Master,13,Technology,Large,India,54139
Frontend Developer,2,Bachelor,14,Technology,Large,India,43055
Machine Learning Engineer,5,Bachelor,7,Technology,Large,India,69994
Frontend Developer,3,Diploma,10,Retail,Enterprise,India,29099
Cybersecurity Analyst,5,PhD,3,Technology,Large,USA,231654
Data Analyst,12,Master,2,Finance,Startup,India,39560
Software Engineer,2,Diploma,19,Finance,Enterprise,Sweden,124003
Frontend Developer,8,Diploma,7,Finance,Medium,India,41920
Software Engineer,2,Bachelor,5,Finance,Small,USA,139134
Software Engineer,2,Master,3,Education,Enterprise,USA,234572
Data Analyst,5,Bachelor,2,Finance,Large,Canada,70708
Data Analyst,7,Bachelor,6,Consulting,Medium,USA,127112
Machine Learning Engineer,12,Bachelor,14,Technology,Enterprise,Remote,214840
Software Engineer,14,Bachelor,7,Retail,Large,Netherlands,206683
Product Manager,3,Master,2,Finance,Large,Netherlands,174133
Business Analyst,4,Master,11,Manufacturing,Medium,Netherlands,124328
Data Analyst,6,Diploma,3,Finance,Large,India,34896
Software Engineer,4,Master,9,Technology,Large,USA,194246
Cybersecurity Analyst,3,Bachelor,8,Education,Enterprise,USA,219950
Software Engineer,3,Master,11,Technology,Large,India,48897
Data Analyst,7,Diploma,18,Retail,Large,Canada,101009
Data Analyst,12,Bachelor,1,Consulting,Medium,India,51107
Data Analyst,1,Bachelor,15,Healthcare,Large,USA,152827
Frontend Developer,4,Bachelor,4,Technology,Large,Sweden,142274
Software Engineer,1,PhD,4,Consulting,Large,India,50483
Cybersecurity Analyst,7,Bachelor,10,Technology,Medium,India,75519
Software Engineer,2,Bachelor,11,Technology,Large,India,37590
Data Analyst,10,Bachelor,18,Technology,Enterprise,UK,138388
Product Manager,4,High School,15,Technology,Medium,UK,119483
Software Engineer,7,High School,3,Technology,Medium,Australia,145527
Machine Learning Engineer,2,Bachelor,7,Government,Large,USA,177360
Business Analyst,5,Bachelor,7,Telecom,Enterprise,Germany,159823
Frontend Developer,5,Master,17,Technology,Medium,USA,147054
Software Engineer,6,Diploma,20,Media,Medium,USA,162456
Software Engineer,2,Bachelor,16,Education,Enterprise,Remote,172430
Product Manager,10,Master,16,Consulting,Large,India,71709
Software Engineer,6,Master,8,Technology,Enterprise,USA,209498
Backend Developer,11,Bachelor,3,Technology,Large,Sweden,210386
Cloud Engineer,1,Master,20,Healthcare,Medium,Canada,175642
Backend Developer,5,Bachelor,15,Healthcare,Large,India,33060
Software Engineer,4,Bachelor,1,Technology,Enterprise,India,55471
Software Engineer,15,Bachelor,10,Consulting,Medium,USA,272069
Business Analyst,7,High School,2,Healthcare,Large,Canada,97075
Backend Developer,4,Diploma,7,Healthcare,Large,India,37799
Frontend Developer,7,Master,14,Finance,Enterprise,India,43785
Business Analyst,3,PhD,16,Consulting,Medium,USA,157391
Software Engineer,6,Master,15,Healthcare,Enterprise,USA,278459
Frontend Developer,20,High School,7,Healthcare,Enterprise,India,72473
Backend Developer,3,Bachelor,13,Telecom,Startup,Germany,98643
Backend Developer,5,Bachelor,10,Healthcare,Large,Sweden,134325
Software Engineer,2,Diploma,9,Government,Large,USA,90611
Frontend Developer,2,Master,9,Technology,Large,USA,187400
DevOps Engineer,9,Bachelor,6,Technology,Large,India,76709
Cloud Engineer,1,High School,12,Technology,Startup,USA,66205
Software Engineer,6,Bachelor,20,Technology,Medium,India,46099
Machine Learning Engineer,8,Diploma,20,Technology,Medium,India,53556
Software Engineer,3,Bachelor,14,Telecom,Medium,Germany,108593
Software Engineer,11,Bachelor,20,Consulting,Large,UK,167402
Software Engineer,10,High School,7,Technology,Large,India,42036
Product Manager,3,High School,8,Telecom,Large,USA,188907
Frontend Developer,1,Bachelor,8,Technology,Startup,Germany,110564
Frontend Developer,6,Master,8,Healthcare,Large,USA,202429
Software Engineer,4,High School,2,Manufacturing,Medium,Netherlands,75066
Software Engineer,5,Master,14,Technology,Medium,Canada,154779
Machine Learning Engineer,6,High School,10,Technology,Enterprise,Germany,204353
DevOps Engineer,1,Master,18,Technology,Startup,Germany,104002
Backend Developer,3,Master,18,Technology,Large,Singapore,178426
Software Engineer,14,Bachelor,18,Consulting,Enterprise,USA,347777
Business Analyst,5,Bachelor,16,Consulting,Large,USA,130980
Software Engineer,7,Bachelor,20,Technology,Enterprise,USA,213933
Product Manager,5,Master,5,Telecom,Small,Canada,178189
Product Manager,7,High School,20,Retail,Large,India,56108
Backend Developer,10,Master,5,Healthcare,Large,UK,229235
Data Analyst,0,Master,20,Finance,Small,USA,123564
Frontend Developer,8,High School,10,Technology,Medium,Canada,121020
Data Analyst,4,Bachelor,17,Government,Small,USA,90418
Frontend Developer,9,Bachelor,13,Finance,Enterprise,India,60777
Cybersecurity Analyst,3,Bachelor,17,Finance,Medium,UK,134149
Data Scientist,3,Bachelor,18,Media,Large,Canada,205019
Data Analyst,1,Bachelor,13,Healthcare,Large,USA,121218
Software Engineer,4,Diploma,17,Technology,Small,India,29048
Product Manager,1,High School,15,Technology,Large,India,28703
Software Engineer,4,Master,12,Technology,Large,Canada,201531
Business Analyst,5,Master,10,Retail,Large,USA,238461
Software Engineer,2,Diploma,13,Technology,Enterprise,Canada,131307
Software Engineer,1,Master,11,Consulting,Large,Germany,146869
Data Analyst,0,Bachelor,3,Finance,Enterprise,Germany,90864
Frontend Developer,2,Bachelor,10,Technology,Small,India,25000
Cloud Engineer,0,Bachelor,11,Technology,Medium,USA,152101
Cybersecurity Analyst,5,Bachelor,6,Education,Medium,USA,165773
DevOps Engineer,21,Master,1,Healthcare,Medium,USA,260523
AI Engineer,1,Master,6,Technology,Large,UK,234998
Data Analyst,24,Bachelor,5,Technology,Large,UK,221184
Data Analyst,5,Bachelor,7,Consulting,Startup,USA,114992
Data Analyst,6,Bachelor,12,Technology,Medium,USA,120649
Data Scientist,1,Bachelor,12,Technology,Medium,Germany,135960
Software Engineer,5,High School,7,Finance,Medium,India,33461
Backend Developer,3,High School,2,Manufacturing,Large,India,36487
Software Engineer,13,Master,1,Healthcare,Small,Singapore,206494
Software Engineer,0,Bachelor,18,Finance,Enterprise,Germany,156004
Frontend Developer,3,Bachelor,12,Telecom,Medium,USA,183742
Frontend Developer,2,Bachelor,7,Technology,Large,USA,137857
Data Analyst,6,Master,19,Media,Large,UK,121557
Software Engineer,0,Bachelor,3,Retail,Large,UK,132444
Software Engineer,13,Bachelor,10,Healthcare,Large,USA,148953
Frontend Developer,6,High School,11,Technology,Enterprise,Germany,116957
Frontend Developer,5,Bachelor,5,Technology,Small,Canada,122538
Product Manager,1,Master,2,Technology,Startup,India,48830
Backend Developer,8,Master,8,Technology,Large,USA,266861
Data Analyst,7,Diploma,14,Consulting,Medium,Canada,91317
Backend Developer,11,High School,8,Technology,Medium,Remote,163249
Software Engineer,3,Bachelor,6,Technology,Large,USA,195669
Software Engineer,1,Bachelor,1,Telecom,Large,India,40864
Business Analyst,2,Diploma,1,Technology,Large,USA,88761
Machine Learning Engineer,9,Bachelor,8,Education,Large,India,63388
Frontend Developer,3,Diploma,11,Finance,Enterprise,USA,176983
Software Engineer,17,Bachelor,18,Healthcare,Medium,USA,196042
Backend Developer,8,Bachelor,10,Manufacturing,Large,USA,149208
Software Engineer,15,Master,12,Retail,Large,USA,349745
DevOps Engineer,3,Diploma,20,Technology,Large,USA,214843
Software Engineer,6,Bachelor,16,Finance,Medium,UK,89445
Data Analyst,2,Diploma,5,Technology,Enterprise,USA,118793
Data Analyst,9,Bachelor,16,Healthcare,Startup,USA,139120
Software Engineer,7,High School,12,Technology,Medium,Singapore,81579
Business Analyst,8,Bachelor,6,Technology,Medium,Germany,111447
Business Analyst,3,PhD,5,Technology,Large,UK,103262
Frontend Developer,5,Bachelor,1,Telecom,Enterprise,Germany,139564
Software Engineer,5,Master,19,Finance,Small,USA,161662
Data Scientist,3,Bachelor,10,Technology,Large,Netherlands,128494
Software Engineer,5,Diploma,14,Finance,Enterprise,Germany,109910
DevOps Engineer,6,Bachelor,3,Media,Medium,USA,193333
Software Engineer,7,Bachelor,6,Government,Medium,USA,260478
Backend Developer,3,Bachelor,5,Technology,Medium,USA,164326
Software Engineer,8,Master,17,Consulting,Small,Sweden,169610
Product Manager,8,Bachelor,18,Media,Startup,Australia,185273
Backend Developer,7,Master,12,Consulting,Medium,UK,133674
Data Analyst,9,Diploma,5,Education,Medium,India,34590
Data Scientist,4,Bachelor,9,Finance,Large,India,65809
Backend Developer,1,Bachelor,12,Education,Large,India,43878
Data Analyst,8,High School,20,Technology,Medium,USA,121350
Data Scientist,3,Bachelor,9,Education,Enterprise,Germany,191192
Software Engineer,1,Bachelor,3,Technology,Large,India,54817
Data Scientist,3,Bachelor,1,Technology,Medium,Australia,161067
Cloud Engineer,5,Diploma,15,Technology,Startup,USA,139684
Machine Learning Engineer,12,Diploma,10,Telecom,Small,India,49134
Product Manager,6,Bachelor,14,Media,Large,Canada,350000
Backend Developer,9,Bachelor,7,Technology,Medium,Germany,212698
Backend Developer,8,Bachelor,4,Finance,Startup,USA,205861
Frontend Developer,6,Master,5,Finance,Large,USA,208880
Frontend Developer,4,Bachelor,20,Technology,Startup,Remote,161376
Data Analyst,2,Bachelor,16,Technology,Medium,India,31108
Software Engineer,18,Bachelor,3,Technology,Startup,UK,196739
Product Manager,3,Master,17,Finance,Startup,India,55042
Software Engineer,3,Diploma,13,Technology,Enterprise,UK,140751
DevOps Engineer,4,Bachelor,6,Technology,Large,USA,229597
Data Analyst,3,Bachelor,5,Technology,Large,India,26060
Software Engineer,7,Master,16,Manufacturing,Medium,Sweden,131347
Data Analyst,3,Bachelor,11,Retail,Large,USA,166102
Software Engineer,3,Master,17,Technology,Enterprise,India,70841
Software Engineer,3,Master,5,Technology,Large,Sweden,183312
Frontend Developer,3,Master,6,Healthcare,Large,Germany,198120
Frontend Developer,1,Master,10,Technology,Large,USA,178324
DevOps Engineer,1,Master,1,Finance,Large,USA,209259
Data Analyst,14,Master,10,Manufacturing,Large,USA,187491
Cloud Engineer,9,Master,17,Technology,Large,USA,239506
AI Engineer,12,Bachelor,3,Retail,Large,Australia,204165
Cloud Engineer,13,Bachelor,2,Government,Large,USA,265330
Software Engineer,2,Diploma,17,Technology,Enterprise,India,28048
Frontend Developer,12,Master,4,Manufacturing,Enterprise,UK,316067
Software Engineer,10,Master,2,Media,Startup,Remote,198910
Software Engineer,3,Bachelor,5,Technology,Startup,India,25092
Backend Developer,6,Diploma,10,Healthcare,Medium,USA,148672
Software Engineer,8,Bachelor,1,Healthcare,Medium,UK,195578
Frontend Developer,7,Bachelor,1,Government,Large,India,53415
Data Analyst,4,Diploma,4,Finance,Medium,India,25000
Software Engineer,5,Bachelor,7,Healthcare,Large,India,37722
Frontend Developer,7,Bachelor,14,Technology,Enterprise,USA,156250
AI Engineer,3,Diploma,14,Retail,Large,India,53780
Data Analyst,7,Bachelor,18,Technology,Medium,USA,132645
DevOps Engineer,2,Diploma,2,Technology,Medium,USA,136027
Software Engineer,12,Bachelor,1,Retail,Startup,Netherlands,129956
Frontend Developer,9,Master,16,Technology,Large,UK,172904
Frontend Developer,9,Master,18,Technology,Large,Canada,164007
DevOps Engineer,6,Bachelor,16,Education,Startup,USA,173679
Data Scientist,5,Bachelor,6,Telecom,Small,UK,113125
Data Analyst,10,PhD,10,Government,Large,India,50354
Product Manager,1,PhD,2,Technology,Medium,USA,229041
Software Engineer,2,Bachelor,7,Manufacturing,Large,Sweden,138092
Backend Developer,7,Bachelor,17,Technology,Enterprise,Canada,233857
Data Analyst,4,Bachelor,3,Healthcare,Enterprise,Germany,167558
Machine Learning Engineer,3,Master,20,Finance,Enterprise,USA,277418
Business Analyst,10,Bachelor,12,Finance,Medium,Sweden,105814
Data Scientist,5,Bachelor,2,Finance,Large,Singapore,173719
Frontend Developer,6,PhD,7,Government,Large,USA,224879
Backend Developer,10,Bachelor,17,Government,Large,Sweden,157645
Software Engineer,4,Diploma,19,Manufacturing,Medium,USA,148884
Product Manager,17,Master,12,Government,Large,USA,350000
DevOps Engineer,2,Bachelor,9,Finance,Large,USA,206339
Software Engineer,10,Bachelor,14,Healthcare,Large,India,64823
DevOps Engineer,3,Diploma,2,Education,Enterprise,Australia,166649
Cybersecurity Analyst,9,Bachelor,4,Finance,Startup,USA,169820
Software Engineer,2,Bachelor,19,Technology,Enterprise,Canada,147232
Software Engineer,1,Bachelor,16,Technology,Large,USA,141773
Product Manager,9,Bachelor,17,Consulting,Startup,India,44507
Software Engineer,3,Bachelor,2,Technology,Large,USA,229403
Cloud Engineer,1,Bachelor,17,Finance,Medium,Canada,115903
Business Analyst,9,Master,19,Finance,Large,India,44002
Software Engineer,5,High School,8,Technology,Large,India,34747
Frontend Developer,3,Bachelor,20,Technology,Enterprise,Canada,144766
Software Engineer,6,Master,6,Technology,Large,Singapore,210189
Software Engineer,4,High School,12,Healthcare,Medium,Germany,98288
Backend Developer,4,Bachelor,18,Technology,Large,UK,205954
Cybersecurity Analyst,8,PhD,2,Consulting,Medium,India,54604
Machine Learning Engineer,6,Bachelor,19,Technology,Medium,Netherlands,201368
Data Analyst,2,Diploma,10,Technology,Enterprise,USA,133952
Backend Developer,5,Diploma,3,Technology,Large,India,45716
Frontend Developer,8,Bachelor,12,Education,Startup,USA,327399
Data Analyst,2,Bachelor,16,Media,Small,Remote,105091
Backend Developer,11,Bachelor,12,Technology,Large,Singapore,235271
Product Manager,5,Bachelor,8,Consulting,Medium,USA,282618
Software Engineer,5,Bachelor,5,Technology,Small,India,35763
Business Analyst,5,Bachelor,11,Technology,Medium,USA,102436
Frontend Developer,14,Diploma,10,Telecom,Medium,USA,198280
Cybersecurity Analyst,5,PhD,3,Technology,Enterprise,India,75700
Backend Developer,3,Master,9,Technology,Small,Remote,164343
Data Scientist,4,High School,12,Technology,Enterprise,USA,168336
Software Engineer,9,Diploma,6,Government,Enterprise,USA,130612
Frontend Developer,7,PhD,19,Healthcare,Enterprise,Singapore,187294
Product Manager,5,Bachelor,16,Technology,Enterprise,USA,215472
Frontend Developer,19,Bachelor,14,Technology,Medium,India,52239
Backend Developer,7,High School,4,Education,Enterprise,Germany,115310
DevOps Engineer,2,Master,18,Government,Large,USA,163557
Software Engineer,0,Master,10,Healthcare,Medium,Sweden,140720
Software Engineer,7,Diploma,18,Technology,Medium,USA,145354
Data Analyst,4,Bachelor,12,Technology,Enterprise,USA,178116
Data Scientist,1,Master,19,Technology,Large,UK,161758
Machine Learning Engineer,4,Diploma,8,Healthcare,Large,Sweden,124918
Business Analyst,8,Bachelor,1,Consulting,Small,USA,142429
Cloud Engineer,4,Bachelor,14,Technology,Startup,Australia,129216
Software Engineer,4,PhD,6,Government,Small,Canada,131126
DevOps Engineer,0,Master,14,Technology,Medium,Netherlands,123911
Frontend Developer,8,Bachelor,2,Telecom,Startup,USA,145751
Frontend Developer,1,Diploma,9,Technology,Medium,Singapore,66469
Cybersecurity Analyst,3,Bachelor,12,Government,Startup,India,36836
Frontend Developer,6,Bachelor,5,Retail,Large,USA,231823
Software Engineer,2,Master,2,Technology,Large,India,39355
Backend Developer,3,Master,19,Technology,Large,India,51393
Data Analyst,6,High School,7,Telecom,Large,USA,133942
DevOps Engineer,6,Diploma,7,Consulting,Large,Sweden,143984
Software Engineer,5,Bachelor,10,Finance,Large,Germany,168459
Data Analyst,0,Diploma,17,Technology,Enterprise,USA,107986
Software Engineer,0,Master,14,Technology,Medium,Australia,107874
Backend Developer,9,Master,11,Technology,Small,Germany,116156
Cybersecurity Analyst,3,High School,20,Technology,Large,USA,119866
Business Analyst,21,Master,6,Technology,Enterprise,India,66088
Data Scientist,6,Master,8,Finance,Enterprise,India,79099
Data Scientist,17,Bachelor,19,Technology,Large,USA,350000
Data Scientist,4,Bachelor,19,Consulting,Enterprise,UK,192463
Data Scientist,3,Diploma,17,Retail,Small,Australia,120557
Software Engineer,8,Bachelor,18,Technology,Medium,India,53513
Machine Learning Engineer,11,Bachelor,12,Healthcare,Startup,USA,243252
Software Engineer,4,PhD,9,Healthcare,Startup,Remote,80002
Data Analyst,7,Bachelor,16,Healthcare,Medium,India,29573
Frontend Developer,1,Master,18,Finance,Large,Canada,109743
Backend Developer,2,Master,16,Finance,Medium,Australia,144378
Software Engineer,6,High School,16,Finance,Large,USA,146232
Data Scientist,3,Master,4,Media,Small,USA,147290
Backend Developer,6,Bachelor,7,Technology,Small,India,41403
Backend Developer,6,High School,1,Technology,Small,USA,81061
Frontend Developer,7,PhD,20,Technology,Startup,Canada,133564
Frontend Developer,9,Bachelor,1,Consulting,Large,India,49806
Software Engineer,9,PhD,8,Healthcare,Small,India,47941
Data Analyst,1,Bachelor,8,Education,Medium,USA,128508
Frontend Developer,4,Master,10,Finance,Enterprise,Australia,166901
Cybersecurity Analyst,4,PhD,1,Consulting,Medium,Singapore,185534
Software Engineer,4,Master,14,Technology,Enterprise,USA,241143
Business Analyst,4,PhD,14,Technology,Medium,India,35937
Software Engineer,5,Bachelor,10,Technology,Medium,USA,158820
Data Analyst,3,High School,19,Technology,Medium,Germany,65096
Software Engineer,9,Bachelor,16,Technology,Enterprise,UK,235807
Data Analyst,6,Master,9,Media,Large,USA,194529
Data Scientist,3,Master,20,Telecom,Large,USA,191813
DevOps Engineer,5,Bachelor,16,Healthcare,Large,Canada,186232
Machine Learning Engineer,16,Master,20,Healthcare,Medium,India,122618
Data Analyst,2,Bachelor,8,Technology,Small,Netherlands,75219
Backend Developer,2,Bachelor,7,Healthcare,Small,India,31392
Data Analyst,9,Bachelor,11,Consulting,Enterprise,Netherlands,161344
Cybersecurity Analyst,13,Master,6,Technology,Large,USA,324753
Frontend Developer,6,Master,15,Technology,Small,USA,166518
Frontend Developer,5,Bachelor,19,Education,Large,Germany,157907
Backend Developer,1,Bachelor,14,Technology,Startup,USA,147491
Data Scientist,3,Bachelor,15,Technology,Large,UK,106950
Data Scientist,3,Bachelor,6,Technology,Large,India,45038
Business Analyst,3,High School,10,Healthcare,Large,USA,79709
DevOps Engineer,2,Bachelor,14,Technology,Medium,India,39205
Software Engineer,1,High School,16,Technology,Large,USA,106168
Data Analyst,8,High School,13,Technology,Medium,India,31282
Software Engineer,6,Master,11,Finance,Large,India,56186
Backend Developer,1,Master,3,Education,Medium,UK,141656
Business Analyst,5,Bachelor,8,Healthcare,Small,India,31458
Software Engineer,3,High School,3,Media,Enterprise,Canada,133319
Software Engineer,14,Bachelor,2,Finance,Enterprise,India,75808
Software Engineer,11,Bachelor,14,Technology,Enterprise,USA,296772
Software Engineer,14,Diploma,20,Consulting,Small,India,43849
Data Analyst,3,Master,15,Technology,Enterprise,India,33254
Frontend Developer,0,Bachelor,3,Healthcare,Large,India,40487
Software Engineer,1,Bachelor,1,Consulting,Large,UK,130578
Frontend Developer,3,Diploma,15,Manufacturing,Small,USA,84208
DevOps Engineer,4,Bachelor,20,Finance,Large,Canada,204127
Cloud Engineer,15,Diploma,2,Technology,Startup,India,46650
Data Scientist,9,Bachelor,18,Finance,Medium,India,36402
Software Engineer,6,Master,1,Finance,Large,USA,193197
Software Engineer,11,Bachelor,9,Technology,Medium,USA,191141
Software Engineer,7,Bachelor,3,Technology,Medium,India,47068
Software Engineer,8,Bachelor,2,Media,Large,Netherlands,183562
Cloud Engineer,3,Bachelor,4,Technology,Startup,Germany,131491
Frontend Developer,1,PhD,16,Finance,Medium,Canada,139722
Cloud Engineer,1,Bachelor,1,Media,Large,USA,173610
Backend Developer,1,Diploma,9,Media,Startup,Netherlands,97002
Frontend Developer,8,Bachelor,8,Technology,Startup,India,49954
Software Engineer,2,High School,6,Healthcare,Medium,India,29760
Data Analyst,3,Bachelor,20,Education,Medium,India,33688
AI Engineer,1,Diploma,18,Retail,Enterprise,USA,187948
Data Analyst,10,Master,16,Healthcare,Large,Germany,165294
Backend Developer,5,Master,8,Healthcare,Medium,USA,121229
Software Engineer,6,Master,4,Technology,Medium,UK,141716
Data Analyst,6,Master,3,Technology,Enterprise,Sweden,166056
Software Engineer,7,Diploma,15,Technology,Enterprise,UK,162651
Product Manager,11,Master,6,Technology,Startup,India,67275
Software Engineer,8,PhD,1,Technology,Large,Canada,283916
Data Analyst,2,Master,18,Consulting,Enterprise,Canada,83938
Software Engineer,2,Bachelor,11,Technology,Large,USA,151360
Data Analyst,25,Master,3,Education,Startup,India,67477
Software Engineer,9,Bachelor,13,Consulting,Medium,Netherlands,117944
Data Analyst,20,Bachelor,17,Manufacturing,Enterprise,Germany,259022
Backend Developer,4,Bachelor,18,Finance,Startup,USA,126148
Data Analyst,13,Bachelor,14,Technology,Startup,USA,171942
Software Engineer,7,Bachelor,7,Technology,Large,USA,217774
Software Engineer,6,Bachelor,7,Healthcare,Large,USA,186315
Backend Developer,5,High School,14,Technology,Startup,Singapore,87080
Business Analyst,8,Diploma,15,Technology,Large,Canada,126679
DevOps Engineer,7,Master,12,Finance,Small,USA,167651
Frontend Developer,4,Bachelor,12,Technology,Large,India,38681
Product Manager,3,PhD,8,Technology,Medium,USA,230156
Software Engineer,4,Bachelor,16,Technology,Medium,Sweden,157327
Data Analyst,5,Master,9,Consulting,Large,Netherlands,77962
DevOps Engineer,3,Bachelor,2,Consulting,Large,Singapore,174369
Backend Developer,2,Diploma,14,Technology,Medium,USA,118533
Software Engineer,5,High School,16,Consulting,Medium,Canada,100921
Software Engineer,6,Bachelor,5,Healthcare,Enterprise,USA,220654
Cloud Engineer,6,Bachelor,5,Technology,Enterprise,Germany,186072
Data Scientist,1,Bachelor,20,Finance,Enterprise,India,55602
Cloud Engineer,14,Bachelor,18,Technology,Large,Canada,250997
Software Engineer,17,Master,18,Technology,Large,India,106876
Data Analyst,7,Master,5,Technology,Large,USA,182848
Business Analyst,9,Bachelor,11,Technology,Small,India,34298
Data Analyst,6,Diploma,13,Technology,Medium,Canada,98496
Frontend Developer,6,Master,3,Technology,Large,Australia,215890
Data Analyst,1,Master,17,Technology,Startup,India,31331
Backend Developer,4,Bachelor,18,Consulting,Enterprise,Canada,142009
Data Scientist,4,Master,14,Government,Large,Remote,207597
Data Analyst,16,High School,12,Finance,Startup,India,42335
AI Engineer,4,Bachelor,14,Education,Large,USA,298728
Data Analyst,14,Bachelor,18,Technology,Medium,Germany,154594
Frontend Developer,5,Master,20,Technology,Medium,India,37618
Cybersecurity Analyst,3,Bachelor,2,Consulting,Large,USA,194850
Frontend Developer,1,Master,7,Healthcare,Medium,USA,173280
DevOps Engineer,6,Master,15,Technology,Medium,Remote,194514
Cloud Engineer,2,Bachelor,10,Consulting,Small,Germany,50576
DevOps Engineer,1,PhD,15,Consulting,Medium,India,46149
AI Engineer,7,Master,17,Finance,Large,USA,324127
Frontend Developer,6,Bachelor,11,Retail,Enterprise,UK,158603
Software Engineer,7,Bachelor,2,Education,Startup,USA,191928
Frontend Developer,5,Bachelor,18,Technology,Large,Germany,165339
Software Engineer,2,Bachelor,4,Finance,Large,USA,174325
AI Engineer,2,Master,9,Education,Large,USA,248087
Data Scientist,13,Master,17,Technology,Large,India,63589
AI Engineer,8,Diploma,17,Consulting,Medium,UK,198258
DevOps Engineer,9,Bachelor,17,Education,Large,USA,233929
Data Analyst,4,Diploma,16,Technology,Startup,USA,85636
Backend Developer,2,PhD,20,Healthcare,Large,Sweden,130437
Software Engineer,2,Master,8,Technology,Small,USA,149779
Backend Developer,5,Diploma,15,Healthcare,Large,USA,131444
DevOps Engineer,2,Master,1,Technology,Large,Netherlands,136433
Data Scientist,0,Bachelor,19,Consulting,Large,India,43926
Software Engineer,7,Diploma,15,Finance,Small,India,28592
Machine Learning Engineer,9,Bachelor,9,Telecom,Medium,Germany,186281
Data Analyst,3,Bachelor,5,Retail,Large,India,32089
Product Manager,1,Diploma,16,Technology,Medium,Germany,139597
Software Engineer,5,Bachelor,13,Media,Medium,USA,186572
Business Analyst,4,High School,16,Consulting,Enterprise,USA,120308
Data Analyst,3,Bachelor,11,Technology,Large,USA,129642
DevOps Engineer,6,Bachelor,13,Technology,Large,UK,264204
Software Engineer,5,Bachelor,6,Technology,Enterprise,Canada,160820
Data Scientist,6,High School,20,Media,Enterprise,UK,131687
Frontend Developer,5,Diploma,17,Finance,Small,USA,122067
Software Engineer,2,Diploma,5,Consulting,Medium,Netherlands,96473
Software Engineer,2,Bachelor,17,Healthcare,Medium,India,32632
Data Analyst,5,High School,1,Government,Enterprise,India,42950
Backend Developer,9,Bachelor,5,Media,Enterprise,India,67979
Data Scientist,5,Bachelor,5,Technology,Medium,India,49128
Cloud Engineer,2,Bachelor,7,Finance,Medium,Sweden,161165
Machine Learning Engineer,5,Diploma,16,Healthcare,Large,Singapore,171027
DevOps Engineer,5,Bachelor,18,Technology,Large,Canada,201201
Software Engineer,2,Master,6,Finance,Large,Sweden,184798
Software Engineer,17,Bachelor,2,Technology,Small,Germany,183069
Business Analyst,9,Bachelor,13,Manufacturing,Large,India,42050
Data Analyst,4,PhD,10,Healthcare,Large,Germany,122203
DevOps Engineer,16,Bachelor,20,Manufacturing,Startup,India,74523
Business Analyst,6,Diploma,11,Technology,Startup,Canada,74052
Machine Learning Engineer,6,Bachelor,2,Consulting,Large,India,77723
Backend Developer,12,Bachelor,8,Technology,Large,UK,137591
Backend Developer,9,Master,19,Technology,Enterprise,USA,349421
DevOps Engineer,7,Bachelor,20,Retail,Large,Germany,168351
Data Analyst,3,Bachelor,17,Telecom,Large,USA,138350
Software Engineer,5,Master,16,Finance,Large,USA,208143
Cloud Engineer,4,Bachelor,10,Consulting,Large,Remote,183504
Data Scientist,3,Bachelor,5,Retail,Large,India,57119
Software Engineer,20,Diploma,14,Technology,Large,UK,350000
Software Engineer,9,Bachelor,19,Media,Medium,Remote,178954
Software Engineer,4,Diploma,4,Media,Small,Canada,104769
Frontend Developer,6,Diploma,20,Telecom,Enterprise,India,37673
Software Engineer,4,Bachelor,16,Consulting,Medium,India,37009
Software Engineer,2,Bachelor,15,Finance,Large,Sweden,96721
Software Engineer,0,Bachelor,9,Finance,Large,USA,142618
Software Engineer,7,Master,3,Technology,Medium,Germany,179111
Data Analyst,5,Bachelor,9,Technology,Large,Australia,117170
DevOps Engineer,10,Master,18,Technology,Large,UK,321088
DevOps Engineer,3,Bachelor,4,Media,Medium,India,62772
Cloud Engineer,11,Bachelor,19,Manufacturing,Enterprise,USA,263819
Data Scientist,11,Bachelor,4,Finance,Medium,UK,170204
Data Analyst,9,Master,9,Consulting,Startup,India,49058
Software Engineer,8,Bachelor,1,Government,Large,India,61903
Frontend Developer,4,Bachelor,1,Technology,Medium,Canada,145451
Backend Developer,10,PhD,20,Healthcare,Startup,India,55215
Software Engineer,9,Bachelor,19,Consulting,Large,India,59495
Data Scientist,5,High School,3,Technology,Small,Remote,116474
Frontend Developer,1,Bachelor,10,Technology,Enterprise,USA,174614
Software Engineer,4,Bachelor,12,Consulting,Large,Netherlands,138932
Software Engineer,10,High School,18,Consulting,Enterprise,India,63394
Cloud Engineer,6,Bachelor,14,Manufacturing,Large,USA,174014
Software Engineer,3,Diploma,10,Technology,Medium,USA,161036
Software Engineer,5,Diploma,10,Government,Large,India,32674
Backend Developer,5,Bachelor,18,Consulting,Large,UK,158877
AI Engineer,2,Bachelor,1,Finance,Medium,USA,190139
Data Analyst,3,Diploma,15,Media,Large,India,25000
Data Analyst,19,Bachelor,8,Telecom,Large,Germany,124250
Frontend Developer,0,Diploma,3,Technology,Large,USA,100602
Frontend Developer,5,High School,18,Finance,Large,UK,105915
Software Engineer,10,Bachelor,9,Technology,Medium,USA,179903
AI Engineer,5,Bachelor,16,Finance,Enterprise,Sweden,179506
Software Engineer,3,Diploma,15,Technology,Medium,USA,158856
Software Engineer,3,Bachelor,5,Technology,Enterprise,USA,162017
Software Engineer,16,Bachelor,13,Consulting,Small,USA,219652
Frontend Developer,8,Master,20,Technology,Medium,USA,157683
Data Analyst,7,Bachelor,7,Technology,Startup,Netherlands,78274
Data Scientist,4,Master,16,Manufacturing,Medium,Germany,150566
Business Analyst,6,Bachelor,7,Technology,Small,Canada,104229
Frontend Developer,2,Bachelor,16,Finance,Enterprise,India,34497
Frontend Developer,17,PhD,13,Finance,Large,Australia,286627
Machine Learning Engineer,8,Master,17,Consulting,Large,USA,250162
Software Engineer,5,Master,9,Consulting,Large,India,50240
Cybersecurity Analyst,5,Bachelor,12,Technology,Enterprise,USA,221359
DevOps Engineer,7,Master,13,Technology,Medium,USA,286363
Software Engineer,2,PhD,9,Finance,Small,Singapore,100461
Software Engineer,4,Bachelor,5,Technology,Large,India,51041
Software Engineer,2,Bachelor,7,Finance,Small,Remote,112004
Backend Developer,8,Master,1,Technology,Large,USA,215599
Product Manager,1,High School,4,Finance,Large,India,42723
Cybersecurity Analyst,2,Diploma,4,Consulting,Large,India,32441
Cybersecurity Analyst,9,Bachelor,16,Technology,Enterprise,India,60904
Business Analyst,6,Bachelor,5,Technology,Large,UK,127458
Software Engineer,15,Master,4,Retail,Medium,Germany,281510
Software Engineer,4,Bachelor,6,Finance,Enterprise,USA,240833
Software Engineer,4,Bachelor,3,Government,Large,India,38073
Software Engineer,13,Master,8,Technology,Startup,Germany,170368
Software Engineer,11,High School,17,Technology,Large,Australia,182694
Software Engineer,9,Diploma,18,Government,Medium,India,53802
Data Analyst,2,Master,18,Finance,Medium,Singapore,103139
Machine Learning Engineer,3,Diploma,12,Media,Large,India,41510
Software Engineer,4,High School,1,Technology,Large,Singapore,146282
Frontend Developer,4,Diploma,12,Media,Medium,Canada,111282
AI Engineer,2,Bachelor,11,Education,Enterprise,Canada,195674
Frontend Developer,3,Bachelor,13,Telecom,Large,Singapore,110308
Data Analyst,5,Bachelor,3,Technology,Large,Germany,102700
Data Analyst,10,Diploma,8,Education,Large,Canada,174277
Software Engineer,12,Bachelor,3,Education,Small,USA,250453
Data Scientist,8,Master,17,Finance,Medium,India,55487
Frontend Developer,1,Master,13,Technology,Startup,UK,134701
Backend Developer,11,Bachelor,10,Healthcare,Enterprise,USA,298446
Data Analyst,8,Bachelor,17,Consulting,Large,India,42597
Data Analyst,9,Bachelor,3,Finance,Enterprise,Remote,161326
Data Analyst,3,PhD,13,Technology,Enterprise,India,38555
Data Analyst,13,Bachelor,6,Technology,Large,Sweden,156483
Software Engineer,4,Master,14,Consulting,Large,Canada,129970
Software Engineer,2,Diploma,10,Healthcare,Large,USA,130938
DevOps Engineer,8,Bachelor,20,Healthcare,Large,Canada,215327
Software Engineer,5,Bachelor,16,Healthcare,Medium,India,52651
Data Analyst,8,Bachelor,18,Manufacturing,Large,Canada,127548
Data Analyst,3,Bachelor,13,Finance,Medium,UK,114655
Software Engineer,2,Diploma,10,Consulting,Medium,Sweden,65706
Cybersecurity Analyst,3,Bachelor,6,Government,Small,India,39120
Data Scientist,1,High School,10,Consulting,Enterprise,India,32602
DevOps Engineer,8,Bachelor,5,Technology,Medium,Singapore,175850
Business Analyst,0,Bachelor,6,Finance,Large,Remote,107856
Cybersecurity Analyst,11,Bachelor,7,Consulting,Enterprise,Singapore,211933
Data Analyst,1,Bachelor,11,Technology,Medium,Canada,88521
Software Engineer,10,Bachelor,16,Education,Medium,UK,144615
Frontend Developer,7,Master,12,Consulting,Medium,USA,170003
Software Engineer,0,Master,12,Finance,Startup,USA,151350
Data Analyst,6,Master,20,Telecom,Small,India,29696
Software Engineer,1,Bachelor,5,Media,Enterprise,India,44113
Backend Developer,6,PhD,16,Media,Medium,USA,169554
Backend Developer,3,Diploma,6,Technology,Medium,Sweden,113688
Machine Learning Engineer,0,Bachelor,9,Finance,Startup,UK,97957
Data Analyst,7,Diploma,5,Technology,Enterprise,USA,163064
Machine Learning Engineer,4,High School,16,Technology,Large,India,35483
Business Analyst,5,Bachelor,18,Technology,Large,India,40648
Frontend Developer,0,Bachelor,19,Telecom,Large,Germany,111490
Frontend Developer,0,Bachelor,12,Consulting,Enterprise,India,35273
Software Engineer,4,Master,2,Technology,Large,India,62439
Data Analyst,10,Bachelor,10,Technology,Large,India,45655
Product Manager,8,Master,12,Telecom,Large,Australia,241625
DevOps Engineer,7,PhD,14,Finance,Startup,Singapore,190829
Backend Developer,12,Master,18,Finance,Large,UK,176790
Frontend Developer,3,Bachelor,19,Technology,Startup,USA,78969
Software Engineer,7,Master,6,Manufacturing,Medium,USA,267229
Data Analyst,1,High School,5,Government,Enterprise,Netherlands,65641
Software Engineer,20,Bachelor,16,Manufacturing,Small,India,71077
DevOps Engineer,2,PhD,14,Retail,Enterprise,Germany,183478
Cloud Engineer,7,Bachelor,13,Education,Startup,Canada,129475
Software Engineer,15,Bachelor,2,Finance,Medium,Germany,199899
AI Engineer,3,Diploma,2,Retail,Enterprise,Remote,185411
Software Engineer,7,PhD,12,Technology,Medium,USA,174038
Software Engineer,5,High School,1,Consulting,Small,Canada,73491
Software Engineer,3,Bachelor,19,Finance,Small,Singapore,78123
Data Scientist,3,High School,16,Technology,Startup,USA,128587
Product Manager,1,Bachelor,7,Technology,Startup,USA,134029
Software Engineer,4,PhD,7,Healthcare,Medium,Canada,152133
Software Engineer,2,Bachelor,16,Technology,Enterprise,UK,143926
Backend Developer,2,Diploma,6,Technology,Large,UK,102212
DevOps Engineer,7,Master,18,Manufacturing,Medium,UK,134812
Frontend Developer,5,Bachelor,1,Retail,Medium,USA,204101
Data Analyst,10,Bachelor,1,Government,Startup,USA,132528
Data Analyst,3,Diploma,14,Manufacturing,Medium,USA,132995
DevOps Engineer,1,Diploma,6,Technology,Large,Singapore,142193
Data Scientist,8,Bachelor,6,Healthcare,Large,USA,240857
Backend Developer,8,Master,4,Consulting,Startup,India,50220
Machine Learning Engineer,6,Master,12,Finance,Small,UK,176714
Product Manager,2,Diploma,18,Technology,Startup,USA,181195
Data Analyst,5,Bachelor,10,Technology,Enterprise,Netherlands,128714
Software Engineer,1,Bachelor,3,Healthcare,Medium,Germany,98507
Cybersecurity Analyst,2,Bachelor,3,Technology,Large,USA,181656
Backend Developer,11,Master,8,Telecom,Large,USA,294391
Cybersecurity Analyst,3,Bachelor,1,Education,Medium,India,32294
Software Engineer,9,Bachelor,18,Technology,Medium,Germany,181045
Machine Learning Engineer,6,High School,15,Technology,Enterprise,Sweden,195829
Frontend Developer,15,Bachelor,20,Manufacturing,Medium,USA,207057
Data Analyst,6,Master,17,Finance,Small,USA,118345
Backend Developer,6,Master,11,Technology,Medium,UK,190404
AI Engineer,1,Master,13,Technology,Large,USA,224506
Data Analyst,2,Bachelor,20,Technology,Medium,India,25000
Software Engineer,4,Bachelor,10,Technology,Enterprise,Canada,198249
DevOps Engineer,18,Master,13,Government,Small,Remote,253652
AI Engineer,3,Bachelor,17,Technology,Large,USA,239113
Frontend Developer,1,Bachelor,1,Technology,Small,USA,130715
DevOps Engineer,1,Bachelor,20,Technology,Large,USA,212856
Backend Developer,1,Bachelor,16,Consulting,Startup,UK,100467
Backend Developer,19,Diploma,16,Healthcare,Enterprise,USA,350000
Data Analyst,5,Bachelor,3,Education,Large,USA,191141
Business Analyst,2,Master,2,Technology,Large,USA,93836
AI Engineer,12,High School,6,Media,Large,Australia,202667
Software Engineer,16,Bachelor,11,Consulting,Large,UK,154610
Backend Developer,2,Bachelor,3,Technology,Medium,USA,138239
Data Scientist,3,Bachelor,1,Telecom,Startup,UK,112731
Software Engineer,11,Bachelor,11,Manufacturing,Small,Germany,143382
AI Engineer,8,Diploma,13,Technology,Large,Netherlands,217975
Software Engineer,4,Master,5,Telecom,Enterprise,India,41016
Software Engineer,11,Master,18,Technology,Startup,Netherlands,164019
Software Engineer,1,Bachelor,15,Manufacturing,Large,India,41009
Frontend Developer,1,Diploma,18,Technology,Medium,Singapore,86639
Data Scientist,2,Master,15,Finance,Enterprise,UK,204770
Frontend Developer,2,Bachelor,20,Manufacturing,Small,Sweden,56947
Software Engineer,0,Diploma,20,Technology,Enterprise,Sweden,93114
Software Engineer,3,Bachelor,20,Technology,Large,India,57810
AI Engineer,7,Bachelor,7,Technology,Large,USA,215981
AI Engineer,9,PhD,17,Finance,Enterprise,India,120890
Cloud Engineer,8,Bachelor,8,Technology,Large,Netherlands,155175
Data Analyst,10,Master,13,Healthcare,Enterprise,Netherlands,141060
Data Analyst,6,Master,16,Telecom,Large,USA,149034
Backend Developer,3,Master,10,Technology,Large,USA,213960
Backend Developer,0,Diploma,14,Technology,Large,UK,94947
Backend Developer,0,Bachelor,6,Retail,Startup,USA,121925
Cloud Engineer,5,Bachelor,20,Media,Medium,India,44207
Software Engineer,2,Bachelor,7,Government,Medium,India,25000
Frontend Developer,5,Master,6,Healthcare,Large,Remote,233467
Software Engineer,1,Diploma,17,Consulting,Large,India,38802
Backend Developer,12,Bachelor,8,Media,Large,USA,231282
Data Analyst,3,Master,12,Healthcare,Enterprise,USA,150501
Product Manager,4,Bachelor,4,Consulting,Medium,USA,242039
Software Engineer,4,Diploma,10,Healthcare,Medium,Canada,131325
Cybersecurity Analyst,11,Bachelor,6,Finance,Large,India,53638
Frontend Developer,1,Diploma,7,Consulting,Large,USA,101293
Software Engineer,4,Bachelor,8,Technology,Medium,India,49688
Software Engineer,5,Bachelor,3,Finance,Medium,India,50458
Software Engineer,2,Diploma,8,Technology,Medium,USA,109276
DevOps Engineer,7,Master,15,Consulting,Medium,UK,201936
Backend Developer,10,Master,1,Finance,Startup,Remote,238987
Frontend Developer,0,Bachelor,13,Telecom,Large,Germany,135663
Data Scientist,8,Diploma,18,Government,Large,USA,266562
Backend Developer,0,Bachelor,15,Technology,Large,USA,160461
Software Engineer,2,Bachelor,7,Technology,Small,Remote,111109
Data Analyst,3,Diploma,15,Technology,Medium,Remote,90719
Cloud Engineer,3,Bachelor,3,Technology,Medium,Canada,137199
Business Analyst,11,Master,14,Technology,Medium,Remote,140131
Software Engineer,3,Master,20,Technology,Medium,India,42333
Backend Developer,3,Master,4,Consulting,Small,USA,162166
Software Engineer,1,PhD,4,Consulting,Medium,USA,123078
Data Analyst,6,Master,3,Healthcare,Enterprise,India,34055
Software Engineer,4,High School,5,Technology,Medium,USA,146185
Data Analyst,7,Master,11,Finance,Large,Australia,150156
Cybersecurity Analyst,1,Master,8,Retail,Medium,Canada,99111
Backend Developer,15,Master,2,Technology,Enterprise,UK,306288
Frontend Developer,8,Bachelor,16,Technology,Medium,USA,185793
Data Analyst,5,Bachelor,10,Technology,Large,UK,110168
Data Scientist,9,High School,18,Finance,Large,USA,215174
Frontend Developer,15,Bachelor,7,Technology,Enterprise,Singapore,350000
Data Analyst,6,PhD,5,Education,Startup,USA,144392
Data Analyst,4,Diploma,7,Retail,Enterprise,USA,133283
Software Engineer,3,Master,6,Technology,Large,USA,194111
Software Engineer,3,Bachelor,1,Consulting,Enterprise,USA,139714
Software Engineer,5,Master,11,Government,Large,India,50258
Frontend Developer,4,Master,13,Telecom,Startup,Canada,124278
Software Engineer,8,Bachelor,12,Finance,Medium,Netherlands,166299
Software Engineer,12,Master,1,Finance,Startup,USA,295299
DevOps Engineer,1,Bachelor,15,Technology,Large,USA,202683
Software Engineer,1,Bachelor,1,Technology,Startup,Canada,114363
Software Engineer,3,Bachelor,3,Technology,Large,Germany,176831
Backend Developer,0,Master,15,Technology,Medium,India,33805
Frontend Developer,14,Diploma,9,Technology,Large,Canada,221760
Data Analyst,10,Master,14,Technology,Medium,USA,216497
AI Engineer,4,PhD,8,Media,Enterprise,India,68497
DevOps Engineer,4,Bachelor,4,Finance,Large,Germany,200825
Frontend Developer,6,Bachelor,20,Telecom,Medium,India,41357
Data Analyst,2,Bachelor,20,Education,Large,USA,173542
Software Engineer,3,Diploma,6,Manufacturing,Large,Germany,131091
Machine Learning Engineer,2,Master,1,Technology,Startup,USA,168398
Data Scientist,5,Bachelor,18,Technology,Large,Germany,162619
Software Engineer,5,Diploma,6,Technology,Startup,India,30560
Cybersecurity Analyst,4,Bachelor,14,Consulting,Large,Canada,143805
Data Scientist,9,Bachelor,11,Technology,Medium,UK,206021
Frontend Developer,4,Diploma,17,Healthcare,Enterprise,USA,169707
Software Engineer,4,Bachelor,9,Retail,Large,USA,136369
Data Analyst,1,Master,7,Technology,Enterprise,India,38617
Cloud Engineer,7,Bachelor,14,Technology,Large,UK,182243
Software Engineer,5,Bachelor,17,Technology,Medium,India,41266
Frontend Developer,8,Master,8,Technology,Enterprise,USA,286089
Data Scientist,2,Master,16,Technology,Medium,USA,186618
DevOps Engineer,1,Diploma,12,Technology,Enterprise,Remote,169837
Business Analyst,4,PhD,12,Technology,Small,USA,122931
Cybersecurity Analyst,0,Bachelor,5,Technology,Enterprise,India,45221
Software Engineer,15,Master,5,Technology,Medium,Netherlands,152053
Backend Developer,4,Bachelor,14,Technology,Startup,Remote,183182
Backend Developer,0,Bachelor,6,Media,Large,India,28387
Software Engineer,3,Bachelor,7,Technology,Large,USA,173093
Data Analyst,4,Bachelor,17,Technology,Enterprise,Netherlands,104249
Software Engineer,12,Bachelor,9,Technology,Small,UK,161064
Cloud Engineer,5,High School,13,Retail,Enterprise,USA,175540
Data Analyst,1,Master,9,Consulting,Large,UK,110217
Software Engineer,6,Bachelor,16,Manufacturing,Large,USA,249479
Software Engineer,5,PhD,4,Finance,Small,Australia,158579
Frontend Developer,4,Bachelor,2,Telecom,Large,Canada,149251
Frontend Developer,3,Master,13,Telecom,Large,USA,202141
Data Analyst,9,Diploma,13,Education,Medium,India,38194
Software Engineer,5,Bachelor,19,Retail,Startup,USA,179175
Frontend Developer,4,Diploma,12,Technology,Medium,USA,130492
Data Analyst,11,Master,4,Finance,Medium,Singapore,96788
Software Engineer,8,Bachelor,10,Technology,Large,Canada,197929
Data Scientist,6,Bachelor,16,Technology,Large,Singapore,202573
Cloud Engineer,2,Diploma,19,Technology,Startup,Germany,83485
Software Engineer,3,High School,8,Technology,Medium,Canada,102819
Backend Developer,4,Bachelor,6,Government,Large,Netherlands,132352
Software Engineer,1,Bachelor,4,Technology,Large,India,49165
Software Engineer,3,Bachelor,7,Technology,Large,India,57692
Business Analyst,5,Master,14,Government,Enterprise,USA,191458
Data Scientist,7,Diploma,13,Consulting,Large,Sweden,150977
Cloud Engineer,7,Diploma,5,Education,Small,Sweden,120430
Cybersecurity Analyst,0,Bachelor,9,Healthcare,Small,UK,105117
Data Analyst,3,Diploma,3,Technology,Medium,Canada,86724
Software Engineer,2,High School,10,Technology,Large,UK,140370
Software Engineer,0,Master,15,Technology,Startup,USA,117093
Backend Developer,4,Bachelor,20,Education,Small,Remote,139524
Software Engineer,3,Master,17,Technology,Large,India,58622
Frontend Developer,5,Bachelor,6,Finance,Enterprise,Canada,153448
Data Analyst,7,Bachelor,3,Technology,Medium,USA,154846
Software Engineer,6,Bachelor,18,Technology,Enterprise,Canada,230385
Frontend Developer,16,Bachelor,5,Consulting,Large,USA,245206
Data Analyst,5,Bachelor,13,Manufacturing,Medium,USA,87866
Backend Developer,12,Bachelor,1,Government,Enterprise,Germany,250597
AI Engineer,1,High School,17,Healthcare,Medium,Netherlands,115012
Software Engineer,6,High School,3,Media,Large,USA,159217
Frontend Developer,2,Bachelor,19,Finance,Medium,Netherlands,185210
Backend Developer,4,Bachelor,20,Technology,Enterprise,USA,191059
Data Analyst,8,Bachelor,12,Manufacturing,Large,Remote,187316
Product Manager,4,High School,8,Technology,Large,India,30008
Data Analyst,10,Bachelor,8,Retail,Medium,USA,140050
Frontend Developer,2,Bachelor,15,Technology,Medium,Netherlands,134049
Data Scientist,1,Bachelor,11,Technology,Large,India,49290
AI Engineer,5,Master,20,Technology,Large,USA,269716
Data Analyst,6,Bachelor,1,Technology,Medium,UK,125120
AI Engineer,3,Bachelor,16,Technology,Large,USA,203038
Backend Developer,7,Diploma,14,Technology,Large,Sweden,89281
Frontend Developer,0,Master,7,Government,Medium,India,35683
Data Scientist,2,Bachelor,6,Healthcare,Large,USA,179578
Business Analyst,6,Bachelor,4,Retail,Small,USA,105790
Frontend Developer,4,Bachelor,8,Technology,Enterprise,India,50853
Cybersecurity Analyst,2,Master,19,Technology,Small,India,36107
Software Engineer,5,Master,3,Technology,Enterprise,USA,181063
Data Analyst,9,Master,4,Technology,Medium,India,43262
DevOps Engineer,6,High School,13,Consulting,Small,UK,110163
Frontend Developer,8,High School,2,Technology,Startup,USA,100866
Software Engineer,6,High School,11,Technology,Large,USA,118666
Data Scientist,11,Master,16,Retail,Startup,USA,230602
Frontend Developer,3,Bachelor,10,Technology,Large,Canada,163071
Data Scientist,10,Bachelor,15,Telecom,Medium,Remote,161845
DevOps Engineer,1,Bachelor,10,Government,Enterprise,Germany,174534
Software Engineer,1,High School,2,Education,Small,India,25000
Frontend Developer,7,Master,6,Technology,Large,USA,214091
Software Engineer,1,Bachelor,14,Technology,Medium,UK,88618
Backend Developer,3,Master,2,Consulting,Medium,Germany,116440
Data Scientist,11,PhD,10,Technology,Enterprise,USA,350000
DevOps Engineer,1,Bachelor,17,Finance,Large,India,53323
Frontend Developer,9,Master,8,Technology,Large,USA,209853
Product Manager,3,Master,16,Finance,Medium,Canada,212894
Frontend Developer,1,Diploma,14,Technology,Small,India,26185
Business Analyst,4,Master,10,Media,Large,India,38157
Software Engineer,10,Bachelor,13,Healthcare,Medium,USA,170762
Software Engineer,1,PhD,1,Technology,Enterprise,India,45708
Backend Developer,1,Diploma,10,Technology,Small,USA,126232
Data Analyst,7,Diploma,12,Technology,Enterprise,Sweden,114993
Software Engineer,3,Master,17,Technology,Medium,India,53151
Backend Developer,16,Bachelor,14,Telecom,Startup,India,51649
Software Engineer,6,Bachelor,5,Finance,Medium,Germany,125258
Backend Developer,9,Bachelor,19,Finance,Enterprise,Singapore,214773
Frontend Developer,5,Bachelor,5,Technology,Small,USA,180220
Software Engineer,1,Master,15,Technology,Large,India,39922
Cloud Engineer,2,Bachelor,13,Media,Medium,USA,180669
Cybersecurity Analyst,2,Bachelor,17,Technology,Medium,USA,152805
Data Analyst,6,Diploma,1,Government,Medium,USA,83739
Software Engineer,4,Bachelor,14,Retail,Large,USA,140060
Data Analyst,0,Diploma,4,Retail,Large,Canada,78730
Data Analyst,7,Bachelor,9,Healthcare,Medium,Australia,132576
Software Engineer,18,Master,17,Technology,Small,UK,220505
Frontend Developer,1,Master,3,Technology,Small,USA,91689
Software Engineer,2,Bachelor,13,Consulting,Medium,India,41495
Machine Learning Engineer,2,PhD,12,Technology,Large,USA,246449
Backend Developer,4,Master,16,Finance,Large,USA,192698
Data Analyst,2,Diploma,4,Consulting,Large,India,29779
Data Analyst,11,Bachelor,18,Retail,Small,India,40811
Machine Learning Engineer,13,Bachelor,3,Technology,Large,India,78226
Software Engineer,5,Bachelor,17,Consulting,Medium,USA,140852
DevOps Engineer,4,Bachelor,1,Government,Enterprise,Australia,192884
Software Engineer,0,PhD,19,Manufacturing,Large,UK,162950
Data Scientist,1,High School,4,Media,Small,Singapore,94315
Software Engineer,0,Diploma,17,Technology,Small,UK,86816
Data Scientist,2,Bachelor,7,Technology,Enterprise,India,51191
Software Engineer,3,Bachelor,2,Technology,Large,Singapore,109331
Data Analyst,7,Master,12,Consulting,Medium,UK,130164
Machine Learning Engineer,5,Master,5,Finance,Enterprise,Sweden,186777
Frontend Developer,2,Master,16,Finance,Medium,Remote,154162
Data Analyst,7,PhD,8,Technology,Startup,India,39418
Frontend Developer,20,Master,8,Consulting,Small,India,62580
Product Manager,7,Bachelor,13,Education,Large,India,62497
Frontend Developer,3,Bachelor,14,Technology,Medium,USA,150813
AI Engineer,5,Diploma,11,Technology,Large,USA,195644
Data Scientist,1,Diploma,6,Finance,Enterprise,Singapore,109189
Data Scientist,1,Bachelor,16,Technology,Small,Canada,117395
Data Scientist,14,Master,15,Technology,Small,India,67593
Data Scientist,5,Bachelor,16,Telecom,Enterprise,USA,279234
Business Analyst,9,Master,13,Technology,Medium,India,38015
Data Analyst,3,Bachelor,12,Consulting,Startup,USA,125726
Cloud Engineer,1,Master,18,Education,Enterprise,India,42579
Data Analyst,1,Master,18,Consulting,Large,Singapore,83869
Frontend Developer,2,Master,14,Education,Large,UK,134586
Data Analyst,6,Bachelor,2,Technology,Medium,India,29832
Machine Learning Engineer,1,PhD,2,Government,Large,India,46181
Cloud Engineer,4,Bachelor,3,Media,Large,India,63836
Cybersecurity Analyst,7,Bachelor,8,Technology,Medium,Sweden,141431
Data Analyst,1,High School,11,Technology,Medium,UK,89948
Software Engineer,20,Master,12,Technology,Enterprise,Netherlands,214106
Machine Learning Engineer,8,Bachelor,4,Telecom,Enterprise,Sweden,167419
Backend Developer,4,PhD,9,Technology,Medium,Singapore,174342
Backend Developer,2,High School,17,Government,Enterprise,Sweden,90932
Cloud Engineer,6,Bachelor,16,Education,Large,UK,171399
Product Manager,5,Bachelor,17,Education,Large,Australia,150496
Software Engineer,5,Bachelor,15,Manufacturing,Medium,Netherlands,120242
Software Engineer,6,Bachelor,20,Technology,Medium,India,36353
Backend Developer,2,High School,7,Healthcare,Medium,USA,108103
Machine Learning Engineer,7,Master,10,Education,Medium,USA,223616
DevOps Engineer,1,Bachelor,4,Technology,Enterprise,Germany,157325
Software Engineer,0,Bachelor,14,Consulting,Large,Sweden,125478
Business Analyst,7,Master,14,Consulting,Enterprise,USA,204744
Software Engineer,6,Master,14,Healthcare,Large,USA,231130
Data Analyst,4,PhD,14,Technology,Medium,India,35567
Cybersecurity Analyst,2,Bachelor,20,Technology,Medium,Singapore,115132
Backend Developer,3,Bachelor,18,Technology,Small,USA,142931
DevOps Engineer,1,Diploma,15,Healthcare,Large,India,37677
Software Engineer,5,Bachelor,19,Finance,Large,USA,190583
Data Analyst,0,Bachelor,13,Manufacturing,Large,Remote,114061
Software Engineer,0,Bachelor,12,Consulting,Medium,USA,112387
AI Engineer,2,Bachelor,19,Technology,Enterprise,USA,301883
Backend Developer,5,Master,19,Media,Startup,India,37236
Software Engineer,4,Bachelor,20,Consulting,Large,Australia,149340
Frontend Developer,11,Master,2,Retail,Enterprise,India,73447
Backend Developer,3,Bachelor,3,Consulting,Startup,USA,156971
Software Engineer,8,Diploma,10,Finance,Enterprise,India,58197
Data Analyst,5,Master,5,Consulting,Medium,India,37590
Software Engineer,0,Bachelor,12,Technology,Large,USA,186188
Software Engineer,1,Bachelor,7,Finance,Medium,Singapore,57120
AI Engineer,1,Bachelor,9,Technology,Enterprise,Germany,217597
Data Scientist,2,Diploma,2,Technology,Medium,Canada,145174
Backend Developer,3,Bachelor,10,Finance,Large,UK,105890
Data Scientist,9,High School,6,Technology,Medium,India,55956
Backend Developer,4,Bachelor,12,Technology,Enterprise,UK,186769
Software Engineer,2,PhD,6,Technology,Large,USA,206576
Frontend Developer,8,Bachelor,3,Technology,Large,USA,92355
Software Engineer,8,PhD,10,Media,Large,Canada,227924
Business Analyst,0,Diploma,9,Education,Large,India,26779
Software Engineer,4,Master,20,Finance,Enterprise,UK,178483
Data Analyst,10,High School,5,Technology,Large,India,35317
Data Analyst,3,Bachelor,3,Technology,Large,India,33472
Data Analyst,1,PhD,5,Education,Large,India,39764
Frontend Developer,8,Bachelor,8,Education,Large,India,53134
Frontend Developer,1,Master,8,Technology,Large,UK,121879
Cybersecurity Analyst,5,Diploma,14,Technology,Enterprise,India,48222
Cybersecurity Analyst,3,Diploma,17,Finance,Large,Singapore,101107
Software Engineer,0,Master,11,Consulting,Enterprise,Canada,153491
Software Engineer,9,Bachelor,16,Technology,Enterprise,India,70434
Software Engineer,6,Master,6,Healthcare,Large,UK,228348
Data Scientist,11,Master,11,Technology,Small,USA,263318
Backend Developer,4,High School,10,Technology,Small,USA,84695
Software Engineer,1,Master,9,Healthcare,Medium,Germany,146278
Data Analyst,1,Bachelor,15,Technology,Large,Remote,138825
Data Scientist,8,Diploma,7,Telecom,Large,India,53745
Software Engineer,1,Bachelor,18,Technology,Large,India,36619
Data Analyst,20,Master,1,Education,Medium,Canada,161288
Backend Developer,15,Bachelor,15,Finance,Enterprise,India,70830
Data Analyst,4,PhD,2,Telecom,Large,India,41929
Software Engineer,3,Master,2,Media,Large,Australia,153833
Machine Learning Engineer,2,PhD,10,Technology,Medium,USA,190911
Business Analyst,2,Bachelor,20,Finance,Enterprise,USA,152282
Frontend Developer,18,Master,15,Consulting,Large,UK,316471
DevOps Engineer,3,Diploma,10,Technology,Startup,India,27719
Software Engineer,6,Bachelor,19,Technology,Enterprise,Canada,214931
Cloud Engineer,6,Bachelor,13,Telecom,Large,Canada,196834
Software Engineer,9,Master,11,Technology,Enterprise,Canada,205896
Data Analyst,6,Bachelor,2,Media,Large,Australia,151347
Software Engineer,4,Master,13,Consulting,Large,Canada,180658
Frontend Developer,2,High School,1,Telecom,Large,UK,92960
Frontend Developer,6,Bachelor,5,Media,Small,UK,111233
Software Engineer,5,Bachelor,7,Technology,Large,India,50461
Software Engineer,3,Diploma,13,Consulting,Large,Canada,127900
Software Engineer,6,High School,13,Technology,Medium,Sweden,102722
Software Engineer,4,Bachelor,20,Retail,Medium,Sweden,141367
Software Engineer,5,Bachelor,6,Technology,Medium,Sweden,105419
Software Engineer,7,Bachelor,20,Education,Large,Netherlands,145016
Data Analyst,5,Master,12,Manufacturing,Large,USA,181585
Software Engineer,8,Bachelor,8,Media,Small,UK,185727
Software Engineer,5,Bachelor,9,Finance,Startup,Sweden,125227
Product Manager,9,Diploma,18,Finance,Large,Netherlands,226739
Software Engineer,3,Master,11,Technology,Medium,Germany,129728
Data Analyst,1,Bachelor,20,Technology,Startup,UK,70680
Software Engineer,5,Bachelor,11,Consulting,Medium,USA,175703
Software Engineer,13,Bachelor,15,Finance,Large,Remote,278531
Frontend Developer,8,Diploma,9,Technology,Enterprise,USA,166340
Backend Developer,13,Bachelor,3,Manufacturing,Medium,USA,229948
Business Analyst,3,Diploma,17,Finance,Medium,USA,99523
Software Engineer,4,Bachelor,17,Technology,Large,USA,179236
Business Analyst,1,Bachelor,3,Technology,Medium,India,25000
Software Engineer,1,Bachelor,19,Telecom,Large,USA,179477
Data Analyst,12,Bachelor,9,Technology,Medium,India,45091
Product Manager,11,Bachelor,17,Technology,Small,Canada,219314
Data Scientist,7,Diploma,18,Consulting,Startup,Sweden,132212
Software Engineer,3,Master,15,Technology,Medium,Canada,123804
Software Engineer,7,Master,1,Technology,Large,Canada,201663
Software Engineer,10,Bachelor,10,Government,Large,India,46501
Backend Developer,14,Bachelor,8,Consulting,Startup,Sweden,168772
Software Engineer,1,Bachelor,10,Manufacturing,Large,India,34809
Data Scientist,3,Bachelor,2,Technology,Medium,USA,158617
Data Analyst,3,Bachelor,19,Technology,Large,Sweden,100947
Cloud Engineer,4,Bachelor,14,Consulting,Medium,India,39048
Software Engineer,6,Diploma,8,Technology,Large,India,40901
Data Scientist,0,Bachelor,19,Healthcare,Enterprise,USA,225353
Software Engineer,3,PhD,1,Finance,Medium,India,43237
Software Engineer,3,Bachelor,16,Finance,Small,Canada,103184
AI Engineer,5,Master,15,Finance,Enterprise,Canada,219847
Data Analyst,5,Bachelor,20,Healthcare,Large,Canada,92932
Software Engineer,3,Master,5,Healthcare,Medium,Germany,133556
Software Engineer,16,Bachelor,3,Technology,Large,Remote,221137
Backend Developer,4,Bachelor,17,Finance,Medium,USA,187057
Software Engineer,6,Bachelor,10,Education,Large,Germany,152570
Software Engineer,7,Bachelor,5,Technology,Medium,Singapore,193856
AI Engineer,2,Bachelor,11,Technology,Large,USA,230188
DevOps Engineer,2,Bachelor,6,Technology,Large,USA,167223
Software Engineer,7,Master,4,Technology,Enterprise,USA,194129
Data Scientist,11,Master,7,Finance,Large,Canada,346084
Data Analyst,14,Master,19,Technology,Small,UK,122240
Cloud Engineer,2,Bachelor,7,Telecom,Medium,Canada,131231
Software Engineer,9,Master,14,Technology,Medium,India,74600
Software Engineer,4,Bachelor,17,Technology,Medium,India,43968
Frontend Developer,11,Master,17,Technology,Enterprise,Canada,272502
Frontend Developer,6,Diploma,13,Technology,Large,India,49092
Cybersecurity Analyst,7,PhD,1,Technology,Large,India,73659
AI Engineer,12,Master,2,Technology,Medium,UK,339923
Backend Developer,13,Bachelor,18,Healthcare,Large,Canada,221173
Data Analyst,5,Bachelor,4,Technology,Large,India,37279
Cybersecurity Analyst,0,Bachelor,13,Technology,Medium,USA,118217
AI Engineer,2,High School,1,Technology,Small,Germany,99797
Backend Developer,18,Bachelor,4,Education,Medium,Singapore,228761
Data Analyst,7,Bachelor,2,Finance,Startup,USA,89935
Backend Developer,2,Bachelor,4,Finance,Enterprise,Canada,141560
Backend Developer,2,Bachelor,16,Consulting,Startup,Netherlands,115741
Data Analyst,10,Bachelor,4,Technology,Medium,India,37544
Software Engineer,16,High School,9,Technology,Large,India,63755
DevOps Engineer,4,High School,17,Technology,Startup,UK,104473
Software Engineer,11,Master,20,Technology,Medium,Australia,125411
Backend Developer,9,Bachelor,2,Government,Small,UK,146186
Frontend Developer,6,High School,3,Technology,Enterprise,India,25000
AI Engineer,8,Bachelor,15,Technology,Enterprise,USA,286939
Business Analyst,6,Bachelor,7,Finance,Enterprise,UK,156797
DevOps Engineer,11,Bachelor,4,Healthcare,Large,USA,229775
Software Engineer,8,Master,12,Technology,Enterprise,USA,287256
Data Scientist,1,Bachelor,1,Technology,Large,UK,168957
Software Engineer,4,Master,17,Finance,Enterprise,India,51778
DevOps Engineer,2,Bachelor,4,Government,Small,Germany,148623
Software Engineer,5,Master,4,Finance,Enterprise,Netherlands,158571
Machine Learning Engineer,4,Bachelor,9,Consulting,Medium,USA,192926
Data Analyst,2,Bachelor,10,Technology,Large,Netherlands,97876
Software Engineer,1,Bachelor,19,Technology,Small,USA,104988
Cybersecurity Analyst,0,High School,19,Retail,Enterprise,Germany,79212
Data Scientist,11,Bachelor,15,Finance,Large,India,38082
DevOps Engineer,11,Bachelor,17,Technology,Large,Singapore,269991
Software Engineer,1,Bachelor,7,Technology,Large,Germany,119904
Data Scientist,6,Bachelor,3,Technology,Small,Remote,203812
Backend Developer,0,Bachelor,5,Healthcare,Large,USA,138316
Software Engineer,2,Bachelor,16,Telecom,Large,India,45730
Software Engineer,3,Bachelor,7,Healthcare,Large,India,47513
Software Engineer,2,High School,16,Technology,Enterprise,India,32243
Data Scientist,7,Bachelor,9,Technology,Medium,UK,143411
Backend Developer,0,PhD,1,Technology,Large,Canada,108076
Data Analyst,2,Master,3,Retail,Large,Germany,120506
Software Engineer,9,High School,8,Government,Large,USA,186313
DevOps Engineer,0,Bachelor,18,Healthcare,Large,Canada,110342
Software Engineer,2,Diploma,18,Media,Large,Germany,109818
Frontend Developer,9,Master,19,Technology,Large,Sweden,174663
Software Engineer,17,Bachelor,7,Government,Large,UK,273439
Software Engineer,11,PhD,20,Technology,Large,Sweden,234052
AI Engineer,3,Diploma,6,Manufacturing,Startup,USA,197293
Backend Developer,17,Bachelor,11,Finance,Enterprise,USA,311765
Frontend Developer,9,Bachelor,5,Healthcare,Small,Singapore,101883
Software Engineer,1,Bachelor,12,Telecom,Medium,Remote,119421
Data Analyst,0,Bachelor,1,Healthcare,Enterprise,UK,97932
Data Scientist,8,Bachelor,19,Media,Medium,USA,249359
Software Engineer,4,Bachelor,11,Technology,Enterprise,USA,205586
Product Manager,1,Bachelor,15,Consulting,Medium,India,45643
Cybersecurity Analyst,4,Master,16,Technology,Large,Singapore,158523
Data Analyst,10,Bachelor,3,Telecom,Medium,USA,167786
Software Engineer,2,Diploma,11,Technology,Medium,USA,115325
Data Analyst,2,Master,11,Technology,Large,India,30785
Software Engineer,4,Master,10,Finance,Enterprise,India,64476
DevOps Engineer,4,Bachelor,2,Finance,Small,India,35904
AI Engineer,3,Master,20,Government,Enterprise,USA,276965
Cloud Engineer,7,Diploma,5,Education,Medium,USA,188023
Software Engineer,8,Master,8,Government,Enterprise,USA,318339
Backend Developer,4,Bachelor,13,Technology,Medium,Canada,172401
AI Engineer,2,Bachelor,15,Technology,Enterprise,Germany,200683
Software Engineer,3,Bachelor,2,Media,Medium,USA,142831
Software Engineer,12,PhD,12,Consulting,Large,USA,350000
Data Scientist,17,High School,8,Technology,Large,Australia,240158
Data Analyst,1,Master,19,Technology,Startup,UK,85798
Frontend Developer,1,Bachelor,1,Technology,Enterprise,UK,132841
Data Scientist,3,Master,8,Consulting,Medium,UK,172523
Business Analyst,12,Bachelor,10,Telecom,Enterprise,Germany,174449
Software Engineer,3,Bachelor,13,Finance,Small,Australia,86959
DevOps Engineer,7,Bachelor,5,Consulting,Medium,India,62841
Data Analyst,4,Diploma,9,Telecom,Medium,USA,107899
Data Analyst,3,Bachelor,10,Government,Large,USA,146500
Frontend Developer,3,Master,14,Finance,Large,USA,233297
Backend Developer,1,Bachelor,11,Technology,Enterprise,Singapore,119909
Data Analyst,8,Bachelor,14,Media,Medium,India,37918
Software Engineer,2,Bachelor,3,Technology,Large,UK,123961
Backend Developer,2,Bachelor,16,Finance,Large,Sweden,130788
Frontend Developer,2,PhD,20,Technology,Large,India,48491
Software Engineer,13,Diploma,17,Technology,Startup,USA,197406
Machine Learning Engineer,3,Bachelor,5,Technology,Medium,Singapore,182153
Data Analyst,5,Bachelor,7,Consulting,Large,India,36437
Frontend Developer,0,High School,17,Technology,Small,USA,95229
Software Engineer,0,Bachelor,20,Manufacturing,Small,UK,113582
Software Engineer,1,PhD,11,Manufacturing,Large,Canada,155311
Backend Developer,9,Bachelor,12,Government,Startup,UK,140690
Software Engineer,5,Bachelor,2,Technology,Large,Singapore,137173
DevOps Engineer,14,PhD,19,Healthcare,Startup,India,66839
Frontend Developer,10,Bachelor,5,Consulting,Large,Canada,153527
Data Analyst,2,Bachelor,11,Finance,Large,UK,117098
Frontend Developer,4,Bachelor,19,Technology,Large,USA,129084
Data Scientist,12,Bachelor,7,Government,Large,USA,272924
Software Engineer,3,Master,6,Education,Enterprise,USA,222067
Software Engineer,7,Bachelor,11,Technology,Large,UK,200380
Product Manager,1,Diploma,14,Technology,Medium,USA,135405
Software Engineer,6,Bachelor,4,Retail,Medium,USA,202489
Software Engineer,4,Bachelor,8,Finance,Small,India,35998
Backend Developer,2,Master,9,Technology,Large,India,51678
Frontend Developer,4,Bachelor,2,Technology,Large,USA,185236
DevOps Engineer,6,Bachelor,11,Technology,Startup,Canada,176286
Backend Developer,9,Bachelor,20,Technology,Large,UK,183539
Data Analyst,14,PhD,7,Finance,Enterprise,USA,250078
Cybersecurity Analyst,8,High School,4,Technology,Medium,Singapore,114729
Software Engineer,11,Master,14,Technology,Large,India,71644
Cybersecurity Analyst,2,PhD,1,Technology,Startup,USA,164758
Data Scientist,1,PhD,12,Technology,Medium,Germany,155060
Software Engineer,7,High School,19,Technology,Enterprise,Remote,182989
Software Engineer,1,Bachelor,5,Technology,Large,USA,183433
Frontend Developer,3,High School,8,Healthcare,Startup,USA,88540
Software Engineer,8,Bachelor,11,Media,Medium,India,43553
Frontend Developer,12,Bachelor,4,Education,Large,India,83248
Backend Developer,6,Master,15,Technology,Large,USA,156658
Data Scientist,1,Diploma,20,Education,Large,USA,149337
Frontend Developer,4,Bachelor,12,Retail,Enterprise,USA,208986
DevOps Engineer,5,Master,20,Consulting,Startup,Singapore,197898
Software Engineer,2,Bachelor,10,Healthcare,Enterprise,Germany,140073
Software Engineer,0,Master,16,Consulting,Large,UK,138768
Data Analyst,8,Bachelor,8,Technology,Startup,Sweden,94992
Software Engineer,4,Bachelor,20,Finance,Large,Australia,151553
Cybersecurity Analyst,7,Bachelor,8,Telecom,Medium,Germany,131325
Frontend Developer,5,Master,6,Finance,Large,USA,174269
Data Scientist,4,Bachelor,3,Technology,Startup,India,48308
Software Engineer,3,Master,8,Consulting,Medium,USA,163314
Software Engineer,4,Master,10,Education,Enterprise,USA,255214
Data Scientist,7,Master,5,Media,Large,USA,295571
Software Engineer,0,Bachelor,11,Telecom,Large,India,30386
Software Engineer,7,Bachelor,4,Government,Large,USA,249786
Cybersecurity Analyst,6,Bachelor,17,Finance,Small,Remote,116765
Frontend Developer,8,Bachelor,3,Healthcare,Large,USA,196163
Software Engineer,13,Bachelor,18,Telecom,Enterprise,UK,229411
Frontend Developer,2,Bachelor,8,Media,Medium,India,38557
Business Analyst,1,Bachelor,12,Media,Medium,India,25000
Data Analyst,5,Master,16,Technology,Enterprise,USA,153130
Business Analyst,5,Diploma,14,Consulting,Startup,Singapore,74359
Frontend Developer,3,Bachelor,16,Technology,Medium,Germany,109958
Frontend Developer,6,Master,4,Technology,Enterprise,USA,203517
DevOps Engineer,2,Bachelor,1,Telecom,Startup,Canada,127387
Backend Developer,4,Bachelor,1,Technology,Medium,USA,124943
Business Analyst,7,PhD,15,Government,Large,Germany,97342
Software Engineer,3,Diploma,20,Technology,Medium,India,42694
Data Analyst,5,Bachelor,20,Technology,Enterprise,UK,134970
Software Engineer,3,Diploma,3,Healthcare,Large,India,39850
Business Analyst,1,PhD,14,Technology,Small,USA,87494
AI Engineer,8,High School,9,Finance,Large,India,56517
DevOps Engineer,8,Diploma,19,Finance,Small,USA,157770
DevOps Engineer,7,Master,8,Technology,Startup,USA,127945
Software Engineer,4,Master,2,Technology,Enterprise,India,54974
DevOps Engineer,9,High School,4,Technology,Medium,USA,157295
Software Engineer,9,Bachelor,1,Technology,Medium,USA,207283
Data Analyst,12,Bachelor,11,Technology,Medium,USA,152617
Cybersecurity Analyst,4,Diploma,5,Finance,Large,USA,156357
Software Engineer,5,Diploma,2,Healthcare,Medium,India,30953
Data Analyst,1,Bachelor,13,Technology,Enterprise,India,31688
Backend Developer,13,Master,17,Technology,Large,USA,217851
Machine Learning Engineer,3,Bachelor,17,Healthcare,Enterprise,Germany,136536
Frontend Developer,1,Diploma,18,Telecom,Medium,India,28222
Data Analyst,12,Bachelor,9,Government,Large,USA,180292
AI Engineer,4,Diploma,6,Healthcare,Small,USA,175670
DevOps Engineer,16,High School,20,Media,Large,USA,271978
Data Analyst,5,Bachelor,3,Finance,Medium,India,28435
Software Engineer,2,High School,8,Manufacturing,Small,USA,67769
Data Scientist,8,High School,3,Technology,Enterprise,Australia,154460
Data Analyst,4,Bachelor,1,Government,Small,India,26828
Business Analyst,7,Diploma,20,Technology,Large,India,37803
Frontend Developer,2,PhD,13,Technology,Small,USA,133571
DevOps Engineer,7,Bachelor,5,Technology,Enterprise,USA,212929
Software Engineer,3,Bachelor,16,Technology,Enterprise,Sweden,130716
Backend Developer,8,Bachelor,16,Retail,Large,Australia,155812
Backend Developer,4,Bachelor,12,Technology,Enterprise,USA,178436
Business Analyst,5,Bachelor,13,Technology,Large,Germany,129408
Software Engineer,4,Master,4,Technology,Medium,USA,204719
Software Engineer,4,Bachelor,9,Technology,Small,USA,140985
Software Engineer,8,Bachelor,16,Telecom,Large,Canada,184980
Software Engineer,1,Bachelor,1,Finance,Enterprise,Australia,127354
Software Engineer,6,Bachelor,5,Telecom,Enterprise,Sweden,130384
Backend Developer,22,Bachelor,5,Technology,Medium,Canada,291344
Software Engineer,11,PhD,19,Consulting,Enterprise,USA,183567
Software Engineer,4,Bachelor,9,Technology,Medium,USA,120481
Business Analyst,5,Bachelor,8,Technology,Startup,USA,79511
DevOps Engineer,3,Bachelor,19,Technology,Small,Germany,117171
DevOps Engineer,7,Master,18,Finance,Large,Canada,197511
Software Engineer,1,Master,15,Healthcare,Large,India,48834
Business Analyst,3,Diploma,4,Finance,Large,Remote,113653
Software Engineer,2,PhD,15,Technology,Medium,UK,116032
Software Engineer,3,Bachelor,13,Technology,Startup,USA,265603
Backend Developer,5,Bachelor,18,Education,Startup,Canada,157309
Software Engineer,0,Bachelor,20,Finance,Medium,Singapore,91695
DevOps Engineer,3,Bachelor,5,Technology,Startup,UK,136504
Software Engineer,3,Diploma,18,Technology,Large,Germany,148567
Software Engineer,9,Master,8,Consulting,Large,India,45142
Product Manager,2,Bachelor,1,Government,Small,Canada,121022
Business Analyst,5,PhD,19,Education,Enterprise,UK,146735
Data Scientist,4,Master,17,Technology,Medium,India,36575
Frontend Developer,10,Bachelor,2,Technology,Medium,USA,201107
Software Engineer,9,High School,19,Technology,Large,Singapore,157795
Software Engineer,14,Master,16,Technology,Large,India,77854
Data Scientist,10,Diploma,18,Technology,Large,Remote,164920
Software Engineer,6,Bachelor,2,Finance,Medium,USA,197612
AI Engineer,8,Bachelor,6,Finance,Startup,Sweden,178277
Software Engineer,4,Diploma,7,Education,Startup,USA,126426
Product Manager,5,Bachelor,6,Consulting,Enterprise,Canada,232675
Data Scientist,5,Bachelor,6,Technology,Small,USA,192954
Data Scientist,2,Bachelor,9,Technology,Enterprise,USA,231795
Software Engineer,9,Diploma,8,Technology,Large,Remote,191722
Frontend Developer,12,Bachelor,9,Technology,Large,USA,230168
Data Scientist,4,Diploma,12,Media,Large,UK,112554
Data Analyst,4,Bachelor,18,Manufacturing,Large,India,38141
AI Engineer,2,Master,6,Technology,Medium,Canada,208042
Cloud Engineer,1,Diploma,4,Finance,Large,Germany,111768
Machine Learning Engineer,8,Diploma,7,Technology,Enterprise,USA,265422
Software Engineer,1,Diploma,18,Finance,Enterprise,UK,118623
Software Engineer,1,High School,20,Finance,Large,Canada,104565
Software Engineer,7,Diploma,5,Technology,Large,Netherlands,182969
Frontend Developer,5,Master,18,Consulting,Enterprise,Sweden,163450
Data Scientist,8,Bachelor,10,Retail,Startup,UK,150694
Cloud Engineer,2,Diploma,8,Education,Large,India,27265
Backend Developer,15,Master,1,Technology,Medium,India,81348
Frontend Developer,2,Diploma,15,Media,Enterprise,Australia,108060
Data Scientist,3,Bachelor,3,Technology,Large,USA,217538
Data Scientist,2,Diploma,15,Manufacturing,Medium,USA,142469
Backend Developer,15,Bachelor,14,Healthcare,Medium,India,55456
Software Engineer,3,Diploma,1,Technology,Medium,Singapore,99240
Frontend Developer,2,Bachelor,8,Technology,Medium,India,35007
Software Engineer,21,Master,7,Technology,Small,Canada,278519
Backend Developer,13,Master,9,Media,Large,USA,350000
Software Engineer,11,High School,18,Consulting,Large,Canada,176192
Backend Developer,13,Bachelor,12,Healthcare,Small,India,53215
Business Analyst,2,Bachelor,8,Technology,Large,UK,110956
Data Analyst,14,Bachelor,8,Technology,Medium,UK,175804
Data Scientist,4,Bachelor,6,Finance,Large,USA,270122
DevOps Engineer,6,PhD,3,Technology,Large,USA,208923
AI Engineer,4,Bachelor,2,Finance,Large,USA,223701
Data Scientist,12,Bachelor,14,Technology,Small,UK,164416
Cloud Engineer,0,Bachelor,8,Healthcare,Medium,UK,111997
Software Engineer,1,Bachelor,6,Finance,Startup,Singapore,109444
Software Engineer,13,Diploma,4,Government,Large,India,45254
DevOps Engineer,2,High School,5,Media,Medium,India,32933
Backend Developer,12,High School,13,Consulting,Enterprise,Canada,162369
Business Analyst,2,Master,9,Education,Medium,USA,108586
Backend Developer,4,Bachelor,13,Technology,Large,UK,153271
Software Engineer,16,High School,9,Finance,Large,USA,271010
Software Engineer,8,Bachelor,16,Technology,Enterprise,UK,172163
Data Analyst,5,Bachelor,12,Technology,Startup,Sweden,94091
DevOps Engineer,7,Diploma,2,Technology,Enterprise,India,42571
Software Engineer,10,Master,19,Technology,Medium,Germany,169864
Data Analyst,5,Bachelor,16,Technology,Small,UK,72736
Data Scientist,7,Bachelor,13,Healthcare,Medium,USA,241887
Data Analyst,21,Bachelor,5,Technology,Large,UK,264168
Frontend Developer,2,Bachelor,6,Government,Enterprise,India,47229
Backend Developer,5,Diploma,17,Finance,Medium,India,33129
Data Analyst,3,Bachelor,17,Technology,Enterprise,USA,155938
Backend Developer,2,Bachelor,17,Technology,Large,Netherlands,123278
Machine Learning Engineer,5,Master,3,Technology,Enterprise,USA,284444
Data Analyst,2,Bachelor,13,Consulting,Medium,USA,90834
Data Analyst,2,Master,12,Telecom,Startup,USA,113498
Software Engineer,4,Master,6,Finance,Large,Singapore,165704
Software Engineer,7,Master,13,Technology,Large,USA,238303
Business Analyst,7,High School,14,Technology,Large,Australia,105727
Backend Developer,4,Diploma,7,Finance,Large,UK,136952
Software Engineer,1,Bachelor,5,Finance,Small,Canada,84237
Data Analyst,1,Bachelor,14,Telecom,Small,USA,87834
Backend Developer,6,Diploma,18,Consulting,Enterprise,Singapore,156109
Cloud Engineer,2,High School,4,Technology,Large,Canada,109912
Business Analyst,5,Master,1,Finance,Medium,UK,120712
Software Engineer,5,Bachelor,7,Technology,Large,India,50458
Data Scientist,0,Bachelor,20,Finance,Large,Australia,102816
Business Analyst,13,High School,13,Technology,Medium,India,39719
Data Analyst,1,Master,4,Education,Large,Remote,121783
AI Engineer,4,Bachelor,13,Education,Large,UK,141248
Software Engineer,1,Diploma,4,Technology,Enterprise,USA,143837
Software Engineer,2,PhD,3,Technology,Enterprise,Sweden,134558
Product Manager,3,Master,8,Technology,Medium,USA,235752
Data Scientist,3,High School,20,Education,Medium,India,33386
Software Engineer,4,Master,8,Technology,Small,USA,124553
Backend Developer,15,Master,17,Finance,Startup,India,67612
Frontend Developer,2,Bachelor,15,Technology,Large,UK,136389
Backend Developer,7,Diploma,4,Technology,Medium,Remote,143309
Business Analyst,11,Master,6,Technology,Medium,India,36116
AI Engineer,7,Master,6,Technology,Enterprise,Germany,223683
Machine Learning Engineer,12,Master,10,Consulting,Large,Canada,236167
Frontend Developer,7,Bachelor,4,Technology,Large,Australia,193005
DevOps Engineer,7,Bachelor,9,Healthcare,Medium,USA,158740
Software Engineer,11,Bachelor,16,Healthcare,Medium,Netherlands,179321
Data Analyst,6,Bachelor,7,Education,Medium,USA,126348
Software Engineer,11,Diploma,14,Consulting,Large,UK,213109
AI Engineer,6,Master,6,Retail,Large,Germany,228339
Software Engineer,11,Master,1,Media,Medium,India,61969
Software Engineer,14,Bachelor,18,Technology,Enterprise,Canada,253045
Frontend Developer,3,Master,12,Retail,Small,Netherlands,85872
Software Engineer,3,Master,15,Technology,Large,USA,185397
Cybersecurity Analyst,12,Bachelor,1,Technology,Medium,USA,285469
AI Engineer,11,Master,15,Finance,Startup,India,84037
Data Analyst,0,Bachelor,15,Consulting,Large,USA,108432
Software Engineer,5,Bachelor,16,Technology,Enterprise,USA,199120
Frontend Developer,16,Bachelor,1,Finance,Large,Australia,192528
DevOps Engineer,1,Bachelor,3,Media,Large,Canada,151287
Machine Learning Engineer,1,Bachelor,12,Technology,Enterprise,USA,223336
Software Engineer,2,Diploma,7,Consulting,Small,USA,130962
Machine Learning Engineer,3,Bachelor,5,Healthcare,Large,Netherlands,177302
Backend Developer,1,Master,1,Finance,Large,USA,187147
Software Engineer,1,Diploma,1,Education,Large,Canada,102469
DevOps Engineer,0,Bachelor,15,Healthcare,Large,India,42526
Data Scientist,5,Master,8,Technology,Large,USA,271503
Software Engineer,5,Bachelor,11,Consulting,Large,USA,190647
Cloud Engineer,12,Diploma,14,Consulting,Medium,Netherlands,142367
Frontend Developer,6,Master,13,Consulting,Medium,USA,193613
Software Engineer,7,Diploma,19,Technology,Startup,Netherlands,106527
Data Analyst,8,Bachelor,12,Telecom,Large,India,49580
DevOps Engineer,2,Bachelor,19,Technology,Enterprise,USA,131843
Frontend Developer,1,High School,4,Retail,Enterprise,USA,143411
DevOps Engineer,1,Bachelor,4,Finance,Large,India,32707
Software Engineer,3,Bachelor,3,Media,Large,Canada,163990
DevOps Engineer,3,Master,6,Technology,Medium,USA,262774
Business Analyst,5,Diploma,5,Technology,Large,Netherlands,89974
DevOps Engineer,8,Bachelor,11,Technology,Medium,India,51933
Data Analyst,7,Master,9,Technology,Startup,USA,124490
Cloud Engineer,3,PhD,3,Finance,Small,Germany,139667
Software Engineer,2,Bachelor,9,Healthcare,Large,USA,180162
Software Engineer,3,Bachelor,12,Manufacturing,Enterprise,UK,146896
Data Scientist,3,Master,3,Retail,Startup,USA,167848
Software Engineer,1,Bachelor,20,Technology,Large,USA,136002
Data Analyst,6,Master,17,Technology,Large,USA,176715
Software Engineer,16,Bachelor,12,Technology,Small,Netherlands,152909
Frontend Developer,5,Bachelor,18,Government,Medium,UK,131020
Backend Developer,5,High School,4,Government,Enterprise,USA,147645
Business Analyst,6,Bachelor,10,Telecom,Large,India,37835
Backend Developer,1,PhD,18,Telecom,Large,USA,184093
Software Engineer,2,Master,8,Finance,Medium,India,41066
Software Engineer,3,PhD,9,Finance,Medium,USA,195680
Cybersecurity Analyst,1,Bachelor,19,Technology,Medium,Germany,109550
Data Analyst,14,Bachelor,13,Government,Startup,India,35814
Software Engineer,8,Bachelor,6,Consulting,Enterprise,USA,247214
Frontend Developer,8,Bachelor,7,Telecom,Medium,Germany,137638
Backend Developer,3,Bachelor,6,Telecom,Medium,India,44393
Software Engineer,5,Bachelor,11,Healthcare,Medium,India,48114
Backend Developer,3,Diploma,17,Consulting,Small,UK,74305
Software Engineer,4,Bachelor,19,Finance,Large,Sweden,156449
Software Engineer,5,Bachelor,12,Technology,Large,Australia,194765
Frontend Developer,4,Bachelor,13,Finance,Startup,Germany,80687
Data Analyst,5,Bachelor,18,Technology,Startup,Canada,112071
Data Analyst,1,Bachelor,7,Healthcare,Large,UK,114119
Cybersecurity Analyst,1,Bachelor,5,Technology,Medium,UK,102464
Cloud Engineer,3,Master,16,Technology,Enterprise,Canada,196302
AI Engineer,4,Bachelor,4,Technology,Medium,India,53802
Backend Developer,4,Bachelor,1,Consulting,Large,UK,157544
Data Analyst,7,Bachelor,4,Technology,Large,India,36453
Data Scientist,6,Bachelor,3,Telecom,Medium,India,61678
Software Engineer,6,Diploma,4,Finance,Enterprise,USA,127399
Data Analyst,3,Bachelor,1,Finance,Medium,Netherlands,106747
Product Manager,2,Bachelor,12,Retail,Medium,India,48659
Software Engineer,4,Bachelor,13,Technology,Small,UK,106989
Software Engineer,8,PhD,2,Technology,Enterprise,USA,285273
Data Scientist,14,Master,9,Technology,Enterprise,Canada,288903
Frontend Developer,3,Diploma,7,Finance,Medium,USA,127050
Data Scientist,14,Diploma,13,Media,Startup,India,60325
Backend Developer,1,Bachelor,2,Retail,Enterprise,USA,179300
Business Analyst,1,PhD,1,Telecom,Large,India,29095
Software Engineer,3,Diploma,18,Government,Enterprise,India,37967
Data Analyst,2,High School,7,Consulting,Large,USA,96405
Data Analyst,2,Bachelor,18,Technology,Medium,USA,50791
Frontend Developer,9,High School,19,Technology,Enterprise,Australia,136718
Backend Developer,8,Diploma,8,Technology,Large,USA,180246
Software Engineer,6,Bachelor,12,Education,Large,Germany,198136
Backend Developer,5,Diploma,11,Manufacturing,Medium,UK,142475
AI Engineer,2,Diploma,9,Healthcare,Medium,India,39108
Data Analyst,4,Bachelor,4,Technology,Large,USA,155519
Cybersecurity Analyst,3,Diploma,7,Technology,Enterprise,USA,172485
Software Engineer,1,Master,17,Retail,Large,India,38868
Product Manager,15,Bachelor,11,Healthcare,Enterprise,India,82884
Frontend Developer,3,PhD,2,Technology,Enterprise,India,53570
Business Analyst,2,Master,18,Technology,Large,Singapore,76233
Cloud Engineer,1,Master,12,Telecom,Medium,USA,180241
Cybersecurity Analyst,7,Bachelor,9,Finance,Large,UK,168814
Backend Developer,14,Bachelor,11,Healthcare,Large,Canada,274975
Data Scientist,18,Master,5,Technology,Large,USA,350000
DevOps Engineer,4,Master,7,Technology,Large,Canada,188540
DevOps Engineer,3,Diploma,1,Telecom,Large,Singapore,121044
Data Scientist,5,Bachelor,5,Government,Medium,USA,238885
Data Analyst,5,Bachelor,6,Finance,Small,India,37869
DevOps Engineer,0,Bachelor,13,Technology,Startup,USA,125569
Frontend Developer,3,Master,11,Healthcare,Medium,Netherlands,144152
Backend Developer,6,Bachelor,8,Consulting,Startup,Canada,116295
Machine Learning Engineer,7,Bachelor,20,Telecom,Large,USA,237804
Data Scientist,7,PhD,2,Consulting,Enterprise,UK,229730
Software Engineer,5,PhD,15,Technology,Enterprise,USA,263689
Cloud Engineer,1,Bachelor,10,Media,Medium,India,31230
AI Engineer,4,Bachelor,8,Technology,Enterprise,Singapore,255719
Software Engineer,11,Bachelor,2,Technology,Large,Australia,260574
Backend Developer,6,Master,15,Consulting,Medium,Germany,171951
Data Analyst,4,Master,6,Consulting,Medium,Germany,108268
Data Analyst,19,High School,5,Consulting,Medium,Germany,122874
Frontend Developer,5,Bachelor,3,Finance,Large,Canada,88180
Backend Developer,4,Bachelor,11,Finance,Enterprise,USA,205407
Data Scientist,8,Bachelor,11,Finance,Small,USA,207873
Frontend Developer,1,Master,16,Healthcare,Medium,India,26208
Data Scientist,3,Bachelor,3,Technology,Medium,UK,163445
Software Engineer,4,Bachelor,9,Telecom,Large,Remote,180224
Frontend Developer,1,Master,3,Government,Small,UK,71909
Software Engineer,5,Bachelor,19,Technology,Medium,India,32953
Frontend Developer,7,Bachelor,11,Technology,Enterprise,UK,213923
Software Engineer,3,Bachelor,14,Government,Enterprise,India,45634
AI Engineer,8,Diploma,2,Technology,Small,Remote,189556
Data Analyst,10,Bachelor,7,Healthcare,Small,Canada,130640
Data Analyst,11,PhD,10,Healthcare,Medium,USA,198420
Data Scientist,2,Bachelor,10,Technology,Medium,USA,197448
Data Scientist,5,Bachelor,20,Technology,Large,Germany,248876
Data Analyst,7,Bachelor,1,Technology,Medium,USA,128415
Cybersecurity Analyst,5,Bachelor,6,Consulting,Enterprise,USA,113612
Data Scientist,9,Master,14,Technology,Enterprise,USA,247808
Business Analyst,5,Bachelor,2,Technology,Large,UK,108518
Frontend Developer,1,Bachelor,6,Finance,Medium,USA,116023
Backend Developer,10,Bachelor,1,Technology,Medium,Singapore,177274
Software Engineer,5,Bachelor,3,Technology,Medium,USA,167831
Data Scientist,14,Bachelor,4,Retail,Large,USA,318942
Frontend Developer,1,Diploma,13,Technology,Enterprise,Germany,111542
DevOps Engineer,5,Bachelor,3,Technology,Large,India,56111
Product Manager,13,Bachelor,15,Finance,Startup,UK,184430
Backend Developer,6,Bachelor,13,Technology,Large,USA,176014
Frontend Developer,8,Diploma,11,Telecom,Startup,USA,131500
DevOps Engineer,10,Bachelor,4,Government,Large,USA,296877
AI Engineer,5,Bachelor,17,Technology,Startup,USA,166464
Machine Learning Engineer,2,Master,5,Government,Enterprise,USA,299873
Data Analyst,9,Bachelor,8,Manufacturing,Large,USA,190856
Frontend Developer,4,High School,10,Technology,Large,Singapore,89423
Data Scientist,0,Bachelor,7,Finance,Large,USA,171564
Data Analyst,12,Bachelor,17,Technology,Large,USA,277754
Software Engineer,15,Bachelor,7,Consulting,Small,India,59111
Software Engineer,3,Bachelor,19,Technology,Medium,USA,158177
Machine Learning Engineer,5,Master,9,Manufacturing,Medium,Canada,171543
Software Engineer,16,Bachelor,2,Technology,Large,Canada,278662
Data Scientist,13,High School,20,Technology,Small,Canada,204614
DevOps Engineer,7,PhD,19,Finance,Enterprise,USA,350000
AI Engineer,12,Diploma,6,Healthcare,Enterprise,Canada,270705
Software Engineer,4,Diploma,10,Media,Medium,USA,146000
Data Analyst,1,Bachelor,13,Technology,Large,Netherlands,125605
Frontend Developer,11,PhD,2,Technology,Large,India,70791
Cybersecurity Analyst,4,High School,10,Technology,Medium,USA,111362
Software Engineer,1,Master,10,Retail,Large,UK,133305
Frontend Developer,3,Master,5,Technology,Medium,USA,170105
Software Engineer,4,PhD,4,Finance,Startup,USA,135722
Data Analyst,4,Bachelor,2,Technology,Medium,USA,87264
Cloud Engineer,2,Bachelor,7,Media,Medium,USA,146042
Backend Developer,2,Bachelor,18,Technology,Large,Australia,99517
Software Engineer,0,Bachelor,17,Technology,Large,USA,130464
Software Engineer,0,Master,11,Media,Medium,USA,146904
Data Analyst,4,Bachelor,18,Manufacturing,Enterprise,UK,153359
Software Engineer,6,Bachelor,8,Finance,Large,Netherlands,166032
Software Engineer,2,Bachelor,12,Finance,Large,India,41320
Software Engineer,12,Diploma,1,Technology,Medium,Netherlands,184530
Software Engineer,3,Bachelor,20,Education,Enterprise,USA,177650
Software Engineer,4,Master,12,Technology,Large,Sweden,122960
Software Engineer,4,Bachelor,6,Technology,Enterprise,USA,196528
Data Analyst,0,PhD,3,Technology,Medium,USA,89734
Software Engineer,10,Bachelor,5,Technology,Large,Canada,245199
Data Analyst,7,Master,14,Consulting,Startup,USA,164529
Cybersecurity Analyst,13,Diploma,12,Government,Medium,Sweden,139111
Data Analyst,12,PhD,13,Technology,Medium,USA,224161
Data Scientist,7,High School,13,Telecom,Medium,India,38381
Frontend Developer,8,High School,17,Education,Medium,USA,141440
Software Engineer,1,Bachelor,15,Retail,Startup,Canada,89661
Product Manager,3,Bachelor,6,Education,Medium,UK,170144
Product Manager,4,Master,12,Technology,Enterprise,USA,213835
Software Engineer,3,Bachelor,2,Finance,Large,Australia,169544
Data Analyst,12,High School,4,Consulting,Large,Australia,158089
Backend Developer,5,Master,20,Telecom,Enterprise,UK,175085
Frontend Developer,2,Bachelor,12,Retail,Small,India,35406
Data Analyst,11,High School,3,Consulting,Medium,Australia,74207
DevOps Engineer,5,Bachelor,17,Retail,Small,UK,150385
Software Engineer,9,Bachelor,6,Finance,Large,Canada,266349
Data Scientist,1,High School,17,Technology,Large,India,37184
Data Analyst,6,Bachelor,17,Technology,Large,UK,119804
Cloud Engineer,2,Master,11,Healthcare,Large,USA,212165
Cloud Engineer,5,Bachelor,7,Technology,Medium,India,43413
Data Scientist,7,Bachelor,2,Consulting,Medium,USA,287858
Data Analyst,1,Master,19,Finance,Large,USA,123991
Backend Developer,4,Bachelor,2,Technology,Large,UK,170009
Frontend Developer,1,Bachelor,13,Technology,Large,India,33123
Frontend Developer,10,PhD,16,Finance,Large,UK,276974
Cybersecurity Analyst,5,Bachelor,17,Media,Medium,Canada,188289
Software Engineer,2,Diploma,11,Telecom,Large,Canada,129413
Data Scientist,3,Bachelor,9,Technology,Medium,UK,161690
Cybersecurity Analyst,3,Diploma,9,Technology,Startup,Remote,100248
DevOps Engineer,12,Master,14,Technology,Enterprise,USA,291472
Data Analyst,4,Bachelor,13,Media,Medium,Remote,116727
Backend Developer,8,Bachelor,11,Technology,Enterprise,USA,280441
DevOps Engineer,4,Diploma,12,Finance,Large,USA,165095
AI Engineer,1,Master,3,Manufacturing,Enterprise,USA,335120
Software Engineer,3,Bachelor,1,Technology,Medium,Australia,116899
Machine Learning Engineer,6,Bachelor,8,Technology,Enterprise,UK,234794
DevOps Engineer,0,Bachelor,19,Telecom,Medium,USA,152115
Software Engineer,7,Bachelor,13,Technology,Medium,USA,171518
Cloud Engineer,2,Diploma,7,Retail,Enterprise,USA,114523
Software Engineer,5,Master,13,Technology,Large,USA,212574
Frontend Developer,3,Diploma,6,Technology,Large,Canada,131567
Software Engineer,8,PhD,3,Retail,Startup,Remote,183476
DevOps Engineer,5,Master,6,Government,Enterprise,USA,300635
Data Analyst,8,Diploma,3,Healthcare,Medium,USA,145958
Machine Learning Engineer,0,Master,13,Technology,Medium,India,43793
Data Scientist,4,PhD,13,Technology,Enterprise,UK,187872
Software Engineer,2,Bachelor,13,Retail,Small,Germany,200975
Cloud Engineer,7,Master,1,Technology,Large,UK,171035
Software Engineer,10,Bachelor,8,Technology,Large,India,56830
Software Engineer,9,Bachelor,5,Technology,Medium,Germany,154313
Data Scientist,13,Diploma,20,Finance,Large,Remote,158582
Data Scientist,10,Bachelor,17,Finance,Enterprise,India,100437
Software Engineer,4,Bachelor,9,Education,Medium,USA,168731
Software Engineer,2,Diploma,13,Government,Large,Netherlands,115401
Data Scientist,1,Bachelor,13,Technology,Large,India,49634
Data Analyst,2,Bachelor,5,Manufacturing,Enterprise,India,43914
Software Engineer,0,Diploma,14,Healthcare,Medium,USA,82974
Frontend Developer,1,High School,11,Technology,Enterprise,UK,112593
Software Engineer,6,Bachelor,14,Education,Large,Australia,176903
Business Analyst,0,Bachelor,7,Healthcare,Medium,UK,73850
Cybersecurity Analyst,6,Master,17,Technology,Medium,USA,232793
Frontend Developer,3,Bachelor,4,Technology,Enterprise,Germany,159765
DevOps Engineer,5,Diploma,10,Finance,Large,Australia,165751
Backend Developer,5,Master,10,Technology,Large,Netherlands,221386
AI Engineer,13,High School,15,Consulting,Startup,USA,184502
Software Engineer,5,Bachelor,20,Technology,Enterprise,USA,204612
Software Engineer,1,Bachelor,12,Education,Large,USA,159775
Frontend Developer,2,Bachelor,9,Healthcare,Startup,Canada,117184
Software Engineer,5,Bachelor,3,Government,Medium,UK,139518
Machine Learning Engineer,4,Master,15,Technology,Enterprise,UK,243458
Software Engineer,5,Diploma,12,Technology,Large,Australia,136019
Backend Developer,6,Bachelor,15,Healthcare,Large,India,50509
Cloud Engineer,2,Master,1,Technology,Large,USA,185611
AI Engineer,6,High School,15,Technology,Large,UK,88691
DevOps Engineer,7,Bachelor,11,Technology,Large,Canada,188604
Software Engineer,5,Bachelor,5,Finance,Large,Singapore,181527
Machine Learning Engineer,16,Bachelor,7,Media,Startup,Canada,227682
Machine Learning Engineer,1,Bachelor,12,Government,Large,Sweden,140523
Software Engineer,14,Bachelor,20,Finance,Enterprise,USA,350000
Backend Developer,3,Master,6,Finance,Medium,Canada,135248
DevOps Engineer,2,Master,3,Technology,Large,India,58536
Business Analyst,7,Master,10,Government,Medium,Germany,96325
Business Analyst,3,Master,4,Technology,Medium,UK,71501
DevOps Engineer,9,Bachelor,13,Technology,Medium,USA,199368
Backend Developer,3,Master,19,Technology,Medium,USA,117095
Frontend Developer,10,Bachelor,5,Technology,Startup,USA,174946
DevOps Engineer,2,Bachelor,18,Media,Medium,USA,199306
Data Scientist,6,Diploma,1,Technology,Enterprise,India,52183
Machine Learning Engineer,2,Bachelor,16,Telecom,Medium,UK,100749
Frontend Developer,6,High School,16,Technology,Medium,Canada,133762
Data Analyst,1,High School,16,Retail,Large,Remote,80940
Cloud Engineer,1,Bachelor,19,Technology,Large,UK,143679
Software Engineer,3,Bachelor,16,Healthcare,Medium,USA,179776
Data Scientist,10,Bachelor,1,Manufacturing,Startup,India,52796
Software Engineer,1,Bachelor,20,Technology,Startup,Canada,118813
DevOps Engineer,12,Master,20,Technology,Medium,Singapore,215930
Backend Developer,6,Diploma,10,Technology,Large,India,34336
Frontend Developer,10,Bachelor,2,Technology,Medium,India,43479
Software Engineer,5,Bachelor,14,Consulting,Medium,Australia,162724
AI Engineer,5,Bachelor,8,Consulting,Large,Canada,191588
Backend Developer,4,Master,6,Consulting,Large,USA,173352
AI Engineer,3,Bachelor,3,Retail,Startup,Australia,121594
Software Engineer,8,Bachelor,16,Telecom,Large,Canada,177125
Backend Developer,2,Diploma,17,Technology,Large,UK,111707
DevOps Engineer,5,Diploma,12,Finance,Enterprise,Singapore,144826
Backend Developer,1,Bachelor,19,Technology,Medium,India,29008
Product Manager,1,Bachelor,20,Technology,Enterprise,USA,224757
Business Analyst,4,Bachelor,3,Technology,Medium,USA,107305
Product Manager,2,Diploma,13,Telecom,Medium,UK,116401
Frontend Developer,4,PhD,16,Technology,Medium,USA,117699
Data Analyst,2,Bachelor,11,Media,Large,Germany,130123
Cybersecurity Analyst,7,PhD,20,Technology,Large,Germany,221146
Business Analyst,1,Bachelor,16,Healthcare,Medium,USA,94054
Data Scientist,15,Bachelor,20,Technology,Large,USA,333333
Frontend Developer,11,Bachelor,2,Healthcare,Startup,USA,188322
Software Engineer,7,Bachelor,4,Technology,Medium,UK,167338
Backend Developer,1,High School,4,Telecom,Enterprise,USA,101600
Software Engineer,4,Diploma,17,Consulting,Enterprise,Netherlands,84224
Software Engineer,7,Bachelor,1,Technology,Large,Germany,168141
DevOps Engineer,9,Master,1,Education,Large,Germany,177514
Backend Developer,9,Master,5,Technology,Large,India,70870
Frontend Developer,8,Bachelor,12,Technology,Large,India,54868
Product Manager,0,Bachelor,6,Consulting,Enterprise,Netherlands,128903
Frontend Developer,2,High School,6,Technology,Small,Canada,67944
Software Engineer,8,Bachelor,17,Consulting,Small,USA,214115
Frontend Developer,3,Bachelor,13,Government,Large,Remote,180453
Frontend Developer,6,Bachelor,8,Technology,Medium,India,36099
Business Analyst,15,Master,12,Telecom,Medium,Sweden,207139
Data Analyst,3,Bachelor,15,Technology,Medium,USA,100266
Software Engineer,10,Master,19,Technology,Enterprise,USA,232227
Data Analyst,6,Bachelor,20,Consulting,Enterprise,USA,157122
Cloud Engineer,20,Bachelor,17,Technology,Enterprise,India,71947
Backend Developer,6,Diploma,9,Media,Medium,UK,148958
Software Engineer,3,Master,18,Media,Enterprise,Singapore,168864
Cybersecurity Analyst,5,High School,2,Finance,Small,Netherlands,71688
DevOps Engineer,2,Master,11,Consulting,Small,Canada,137095
Data Analyst,8,Master,20,Retail,Enterprise,USA,214646
Backend Developer,3,Bachelor,17,Technology,Enterprise,India,46191
Software Engineer,5,PhD,18,Finance,Large,Germany,151685
Frontend Developer,10,Diploma,15,Technology,Large,USA,152397
Data Analyst,1,Bachelor,7,Retail,Large,India,41492
Backend Developer,9,PhD,16,Technology,Medium,India,49498
Data Scientist,1,Master,1,Technology,Enterprise,USA,286485
Frontend Developer,4,High School,18,Retail,Enterprise,India,30819
Software Engineer,7,Bachelor,8,Finance,Enterprise,India,70930
Backend Developer,8,Master,7,Finance,Medium,USA,237075
Product Manager,1,Bachelor,2,Healthcare,Large,India,53636
Frontend Developer,15,Bachelor,12,Technology,Large,India,65408
DevOps Engineer,7,Bachelor,16,Finance,Medium,India,40994
Data Scientist,8,Bachelor,9,Technology,Medium,USA,188699
DevOps Engineer,7,Master,20,Technology,Enterprise,UK,179764
Data Analyst,2,Master,11,Technology,Large,USA,146872
Software Engineer,2,Master,15,Government,Startup,USA,119715
Frontend Developer,11,Master,3,Technology,Large,UK,166235
Cloud Engineer,12,Bachelor,13,Technology,Large,UK,229576
DevOps Engineer,0,High School,13,Manufacturing,Medium,USA,73717
Software Engineer,8,Master,2,Education,Startup,India,48529
Software Engineer,4,Bachelor,6,Healthcare,Medium,USA,137042
DevOps Engineer,6,Bachelor,6,Consulting,Large,Canada,170326
Backend Developer,5,Master,12,Media,Medium,USA,127835
Data Scientist,5,Master,4,Finance,Medium,Germany,212285
Data Analyst,2,Master,5,Technology,Large,USA,111222
Software Engineer,10,High School,8,Consulting,Large,Canada,146223
Software Engineer,3,Diploma,6,Healthcare,Large,India,28931
Software Engineer,4,Bachelor,3,Media,Small,Germany,101976
Cloud Engineer,2,Bachelor,8,Technology,Enterprise,Remote,231529
Software Engineer,5,Master,19,Government,Medium,USA,197913
Software Engineer,1,Bachelor,11,Technology,Large,UK,119642
Software Engineer,3,Diploma,18,Technology,Enterprise,UK,141749
Backend Developer,10,Bachelor,10,Technology,Large,USA,216722
Software Engineer,1,Bachelor,20,Government,Startup,India,30819
Software Engineer,8,Bachelor,12,Consulting,Enterprise,USA,265738
Machine Learning Engineer,1,Diploma,20,Media,Small,Canada,103254
Cybersecurity Analyst,2,Bachelor,8,Consulting,Medium,Canada,135256
Software Engineer,3,Bachelor,19,Education,Startup,Remote,131480
Software Engineer,9,Master,16,Telecom,Large,India,54937
Data Analyst,12,Bachelor,18,Manufacturing,Enterprise,USA,202879
Data Scientist,3,Bachelor,9,Manufacturing,Large,India,50540
Frontend Developer,1,Diploma,4,Finance,Large,India,35818
Business Analyst,3,PhD,9,Technology,Startup,Netherlands,99250
Data Analyst,3,Bachelor,2,Technology,Medium,Remote,94779
Business Analyst,3,High School,9,Technology,Large,USA,90784
Cybersecurity Analyst,4,Bachelor,9,Finance,Enterprise,India,47905
DevOps Engineer,2,Bachelor,18,Technology,Enterprise,USA,223260
Machine Learning Engineer,1,Bachelor,11,Government,Large,India,47152
Cybersecurity Analyst,0,High School,13,Technology,Large,Canada,134915
Software Engineer,9,Bachelor,6,Technology,Large,Netherlands,197817
Data Scientist,5,Bachelor,9,Finance,Enterprise,Singapore,232713
Machine Learning Engineer,7,Diploma,16,Technology,Enterprise,USA,223343
Data Analyst,6,Master,4,Technology,Large,USA,187329
Data Analyst,4,Master,2,Technology,Startup,Canada,111622
Data Scientist,4,PhD,7,Technology,Medium,Remote,178831
Business Analyst,15,Diploma,15,Retail,Medium,USA,143008
Software Engineer,3,Bachelor,6,Media,Medium,India,47166
Software Engineer,5,Bachelor,11,Technology,Medium,Canada,132213
AI Engineer,3,Diploma,20,Technology,Enterprise,USA,185111
Business Analyst,2,Bachelor,17,Technology,Enterprise,Canada,147422
Frontend Developer,20,Bachelor,4,Media,Small,India,41858
Machine Learning Engineer,7,Bachelor,19,Technology,Startup,India,50373
Data Analyst,2,Bachelor,7,Consulting,Large,Remote,108175
Backend Developer,2,Bachelor,11,Technology,Large,USA,145993
Backend Developer,8,Bachelor,13,Technology,Large,India,57852
Data Scientist,10,PhD,3,Government,Startup,USA,268240
Data Analyst,1,Diploma,14,Technology,Small,Canada,36182
Cybersecurity Analyst,4,Bachelor,2,Technology,Enterprise,USA,142159
Frontend Developer,5,Bachelor,18,Consulting,Large,USA,202550
Software Engineer,5,Bachelor,5,Technology,Large,USA,164804
Data Analyst,5,Bachelor,13,Technology,Large,USA,106013
Data Analyst,4,Master,13,Healthcare,Large,Canada,168534
Frontend Developer,4,High School,14,Government,Enterprise,USA,149080
Software Engineer,4,Bachelor,12,Education,Enterprise,USA,210142
Machine Learning Engineer,1,Bachelor,13,Technology,Enterprise,Remote,240026
Data Analyst,15,PhD,18,Technology,Startup,UK,181079
DevOps Engineer,8,Bachelor,13,Consulting,Enterprise,India,61112
Backend Developer,10,Master,4,Government,Medium,USA,243535
Cloud Engineer,6,Master,10,Retail,Large,USA,206865
Data Analyst,20,Bachelor,5,Technology,Enterprise,USA,215348
Cybersecurity Analyst,0,Bachelor,18,Technology,Medium,India,27829
Data Scientist,5,Diploma,8,Technology,Medium,Germany,105480
Software Engineer,2,Master,14,Technology,Enterprise,USA,237078
Backend Developer,5,Bachelor,2,Technology,Medium,USA,175941
Software Engineer,13,High School,8,Finance,Medium,USA,163585
Product Manager,8,Master,16,Healthcare,Medium,USA,215098
Software Engineer,4,PhD,7,Consulting,Medium,Remote,162733
Software Engineer,14,Master,3,Manufacturing,Large,USA,226530
Frontend Developer,9,Bachelor,4,Government,Startup,USA,154313
Backend Developer,7,Bachelor,7,Technology,Large,Germany,173201
Machine Learning Engineer,7,PhD,4,Consulting,Enterprise,Sweden,343046
Data Analyst,9,Bachelor,9,Technology,Medium,UK,97706
DevOps Engineer,3,Master,17,Consulting,Small,USA,189393
Machine Learning Engineer,2,Diploma,17,Healthcare,Large,USA,159070
Frontend Developer,2,Bachelor,20,Technology,Large,UK,105172
Backend Developer,3,Bachelor,14,Media,Medium,India,30712
Software Engineer,13,Bachelor,14,Telecom,Small,USA,196899
Data Scientist,4,PhD,13,Government,Medium,UK,145897
Data Analyst,14,Diploma,4,Technology,Enterprise,India,39897
Cloud Engineer,3,PhD,13,Technology,Medium,Australia,145997
Data Analyst,10,Bachelor,17,Technology,Medium,India,34146
Machine Learning Engineer,12,Bachelor,15,Education,Medium,USA,270426
Frontend Developer,5,Bachelor,18,Technology,Small,India,25000
Cybersecurity Analyst,4,Diploma,11,Government,Medium,Netherlands,105524
Software Engineer,2,Bachelor,4,Telecom,Enterprise,Sweden,137278
Cloud Engineer,9,Bachelor,20,Telecom,Medium,UK,164024
Data Scientist,4,Bachelor,11,Technology,Medium,India,52298
Backend Developer,3,Bachelor,10,Technology,Enterprise,Netherlands,180468
Software Engineer,6,Bachelor,13,Technology,Medium,UK,136127
Software Engineer,8,High School,8,Technology,Startup,Remote,145232
AI Engineer,2,Bachelor,13,Government,Large,USA,306103
Cloud Engineer,6,Master,9,Finance,Enterprise,USA,350000
Software Engineer,12,Diploma,1,Manufacturing,Small,UK,97938
Machine Learning Engineer,2,Bachelor,1,Healthcare,Enterprise,USA,192691
Backend Developer,10,Diploma,15,Telecom,Large,India,44523
DevOps Engineer,10,Diploma,4,Finance,Large,India,52355
DevOps Engineer,10,PhD,20,Government,Large,Singapore,301739
Cybersecurity Analyst,8,PhD,1,Manufacturing,Medium,Canada,202801
Data Scientist,7,Bachelor,12,Technology,Medium,Sweden,140688
Data Analyst,9,Diploma,11,Finance,Small,Canada,92237
Cybersecurity Analyst,6,Bachelor,19,Technology,Small,Remote,155180
Data Analyst,3,Bachelor,15,Technology,Startup,USA,82102
Software Engineer,3,Diploma,10,Consulting,Large,India,36528
Backend Developer,4,High School,1,Technology,Large,USA,109686
Data Scientist,8,High School,3,Technology,Medium,Singapore,100350
Software Engineer,4,Bachelor,14,Consulting,Large,USA,166790
Data Analyst,4,Bachelor,15,Education,Large,India,37570
Cybersecurity Analyst,10,Bachelor,1,Technology,Large,India,67540
Software Engineer,5,Diploma,10,Education,Small,Germany,99946
Data Scientist,1,Master,1,Consulting,Large,USA,234214
AI Engineer,2,Bachelor,15,Media,Large,USA,257585
Software Engineer,1,Bachelor,3,Consulting,Small,India,30805
Backend Developer,4,Master,20,Technology,Large,Australia,174269
Machine Learning Engineer,2,Bachelor,12,Finance,Small,USA,162509
Software Engineer,4,Bachelor,19,Consulting,Large,India,44040
Business Analyst,3,High School,16,Finance,Large,Australia,53568
Cloud Engineer,1,Bachelor,8,Technology,Large,USA,205278
Data Analyst,2,Bachelor,14,Technology,Large,UK,109671
Data Analyst,14,Master,18,Technology,Medium,Australia,149207
Software Engineer,3,Diploma,1,Education,Medium,USA,157390
Data Scientist,3,Master,2,Technology,Small,Singapore,121723
Backend Developer,3,Master,12,Finance,Startup,USA,154664
Backend Developer,6,Bachelor,17,Technology,Small,Singapore,136647
Software Engineer,5,High School,2,Technology,Small,Sweden,84399
Software Engineer,16,Bachelor,17,Healthcare,Large,Australia,247973
Frontend Developer,11,Master,7,Consulting,Startup,USA,173139
Software Engineer,16,Bachelor,6,Technology,Enterprise,USA,350000
Software Engineer,8,Bachelor,6,Technology,Small,UK,121239
Software Engineer,7,Diploma,8,Technology,Medium,UK,153686
Data Analyst,2,Diploma,5,Technology,Medium,Germany,51285
Data Scientist,1,Bachelor,15,Retail,Startup,UK,100128
Software Engineer,1,High School,7,Technology,Medium,India,27653
Software Engineer,4,Bachelor,3,Consulting,Large,USA,179846
Data Scientist,9,Bachelor,10,Technology,Startup,Remote,197234
Backend Developer,3,Diploma,3,Finance,Enterprise,India,40530
Cybersecurity Analyst,2,Diploma,14,Consulting,Large,Germany,95808
Software Engineer,9,PhD,3,Consulting,Medium,Germany,168814
Data Analyst,2,High School,1,Retail,Large,UK,82478
Software Engineer,13,Bachelor,1,Consulting,Large,Canada,211779
Backend Developer,2,Bachelor,19,Government,Medium,Australia,143922
Backend Developer,9,High School,4,Healthcare,Large,USA,149360
DevOps Engineer,6,Bachelor,2,Finance,Medium,India,58116
Software Engineer,0,PhD,11,Manufacturing,Enterprise,UK,167479
Data Scientist,2,Master,12,Technology,Large,UK,164894
Data Analyst,9,Diploma,13,Media,Medium,USA,98650
Machine Learning Engineer,1,Bachelor,16,Technology,Medium,India,52287
Frontend Developer,3,Bachelor,16,Technology,Large,Germany,110841
Software Engineer,1,Bachelor,19,Finance,Enterprise,USA,167497
Software Engineer,4,Diploma,20,Technology,Small,India,28208
Business Analyst,6,PhD,20,Healthcare,Small,UK,106082
Product Manager,5,PhD,9,Technology,Enterprise,UK,265517
Data Analyst,5,Bachelor,16,Technology,Medium,USA,121469
Software Engineer,5,Bachelor,7,Technology,Medium,India,39762
DevOps Engineer,4,Diploma,13,Healthcare,Large,UK,164788
Backend Developer,8,Bachelor,4,Media,Large,USA,214740
Software Engineer,1,Bachelor,13,Technology,Enterprise,UK,129418
Data Scientist,13,High School,8,Retail,Large,Netherlands,138941
DevOps Engineer,5,Bachelor,2,Healthcare,Large,Germany,156841
Cloud Engineer,1,High School,7,Manufacturing,Startup,Australia,81880
Software Engineer,12,Bachelor,11,Technology,Small,Australia,119602
Frontend Developer,4,Bachelor,17,Manufacturing,Large,India,43990
DevOps Engineer,3,High School,14,Technology,Medium,India,31512
Data Scientist,1,Bachelor,13,Technology,Startup,India,25000
Frontend Developer,3,Bachelor,15,Media,Startup,USA,108429
Machine Learning Engineer,9,PhD,9,Education,Enterprise,India,49239
Software Engineer,2,Master,3,Technology,Small,India,33544
Data Scientist,9,Master,13,Consulting,Large,Netherlands,244155
Frontend Developer,3,Master,13,Education,Enterprise,India,25000
Data Scientist,2,Bachelor,9,Education,Large,Sweden,118301
DevOps Engineer,3,Bachelor,18,Technology,Startup,USA,158488
Business Analyst,7,Bachelor,5,Finance,Large,Canada,108497
Frontend Developer,5,Bachelor,11,Media,Enterprise,UK,127649
Product Manager,14,Bachelor,2,Healthcare,Medium,Remote,298967
Data Analyst,3,Bachelor,17,Technology,Medium,Germany,86736
Software Engineer,9,Bachelor,20,Technology,Small,Remote,114446
Cloud Engineer,4,Bachelor,4,Technology,Large,Singapore,106134
Business Analyst,2,Bachelor,18,Technology,Enterprise,Remote,168093
Cloud Engineer,1,Bachelor,20,Technology,Medium,Remote,161471
Backend Developer,3,Bachelor,8,Technology,Enterprise,India,44230
Software Engineer,4,Master,19,Technology,Large,Sweden,159151
Cybersecurity Analyst,11,Bachelor,12,Retail,Enterprise,UK,227556
Machine Learning Engineer,14,Diploma,11,Telecom,Small,UK,166872
Software Engineer,14,Bachelor,16,Education,Medium,Germany,172012
Software Engineer,2,Bachelor,5,Retail,Large,USA,151762
Data Analyst,2,PhD,3,Technology,Large,USA,156828
Software Engineer,3,Master,12,Technology,Large,USA,241816
Data Analyst,4,Master,15,Consulting,Medium,USA,160889
DevOps Engineer,1,Bachelor,16,Technology,Large,UK,171980
Software Engineer,2,Bachelor,13,Consulting,Medium,UK,113870
Software Engineer,11,Master,7,Technology,Enterprise,India,71887
Software Engineer,6,Bachelor,15,Technology,Large,USA,144273
DevOps Engineer,3,Bachelor,3,Technology,Enterprise,India,55481
AI Engineer,1,Bachelor,12,Manufacturing,Medium,UK,164061
Cybersecurity Analyst,6,Bachelor,8,Finance,Medium,Australia,158950
Product Manager,5,High School,12,Consulting,Medium,USA,135565
Backend Developer,2,Bachelor,18,Finance,Enterprise,India,53502
Data Analyst,8,Bachelor,3,Government,Medium,UK,145896
DevOps Engineer,3,Master,12,Technology,Medium,Canada,187635
Software Engineer,5,Bachelor,2,Technology,Large,Remote,157062
DevOps Engineer,14,Bachelor,14,Finance,Medium,USA,232738
Data Analyst,7,High School,14,Retail,Large,USA,139841
Machine Learning Engineer,1,Bachelor,4,Technology,Large,Germany,160032
Data Analyst,7,Master,17,Consulting,Enterprise,USA,188300
Data Analyst,2,Master,15,Technology,Medium,Germany,89546
Software Engineer,7,Bachelor,16,Technology,Small,Canada,146281
Machine Learning Engineer,9,Master,5,Retail,Small,USA,272996
Business Analyst,5,Diploma,17,Media,Large,India,31208
Business Analyst,1,High School,7,Healthcare,Startup,India,25000
Data Analyst,0,Bachelor,15,Finance,Enterprise,USA,134833
Software Engineer,10,Bachelor,17,Technology,Medium,India,43272
Software Engineer,13,Master,12,Technology,Medium,Australia,187790
Data Scientist,2,Bachelor,11,Technology,Large,Canada,156169
Software Engineer,0,Master,19,Technology,Enterprise,USA,146203
AI Engineer,1,Master,11,Consulting,Enterprise,UK,196966
Data Analyst,3,Diploma,2,Technology,Large,Singapore,116656
Frontend Developer,9,Master,15,Government,Enterprise,USA,267842
Frontend Developer,0,Master,5,Consulting,Enterprise,Canada,128506
Backend Developer,11,Bachelor,18,Technology,Large,India,88267
Frontend Developer,10,Bachelor,16,Finance,Enterprise,India,55334
Software Engineer,11,Bachelor,4,Technology,Startup,Remote,158669
Backend Developer,2,Bachelor,10,Technology,Large,USA,201850
Data Analyst,9,Bachelor,2,Finance,Medium,USA,173334
Business Analyst,5,Diploma,15,Technology,Small,Sweden,61978
DevOps Engineer,1,Bachelor,4,Technology,Enterprise,USA,217979
Software Engineer,5,Master,16,Consulting,Medium,India,49277
Data Analyst,4,Bachelor,7,Government,Medium,Germany,85269
Software Engineer,1,Bachelor,12,Technology,Large,India,26110
Software Engineer,7,Bachelor,3,Technology,Enterprise,USA,231967
Backend Developer,4,PhD,17,Education,Medium,USA,220657
Software Engineer,3,Bachelor,9,Government,Startup,India,32403
Frontend Developer,3,Master,8,Finance,Large,India,50241
Software Engineer,6,Master,6,Finance,Medium,Remote,179659
Product Manager,3,Bachelor,15,Technology,Medium,Remote,130368
Backend Developer,0,Bachelor,10,Finance,Large,India,34772
Data Analyst,1,Bachelor,6,Finance,Medium,USA,113075
Software Engineer,4,Bachelor,15,Manufacturing,Large,USA,174287
Software Engineer,3,Diploma,14,Technology,Large,Remote,131344
Software Engineer,3,Bachelor,19,Retail,Large,Singapore,153952
Business Analyst,2,Bachelor,13,Education,Medium,India,26373
Software Engineer,2,High School,14,Technology,Medium,Germany,101893
AI Engineer,7,High School,3,Technology,Enterprise,USA,243147
Software Engineer,5,High School,4,Technology,Small,Germany,74831
Software Engineer,2,Bachelor,14,Finance,Medium,USA,134689
Business Analyst,3,Bachelor,14,Technology,Enterprise,Remote,128941
Backend Developer,8,Bachelor,8,Technology,Enterprise,India,74110
Data Analyst,1,High School,10,Media,Large,USA,85799
Software Engineer,9,PhD,9,Technology,Large,India,50693
Software Engineer,4,Bachelor,14,Education,Startup,India,39614
Software Engineer,3,PhD,8,Technology,Large,UK,157990
Frontend Developer,1,Bachelor,11,Finance,Large,India,30803
Data Scientist,22,Bachelor,10,Technology,Large,Remote,350000
DevOps Engineer,6,Diploma,18,Technology,Large,India,54521
Data Analyst,0,Bachelor,4,Technology,Large,USA,105941
Data Analyst,5,Master,4,Media,Medium,India,36311
Data Analyst,10,Master,12,Healthcare,Large,India,53453
Frontend Developer,6,Bachelor,18,Technology,Enterprise,Australia,183331
AI Engineer,8,Diploma,8,Finance,Enterprise,USA,230310
Backend Developer,3,Bachelor,3,Technology,Enterprise,India,40064
Software Engineer,2,Diploma,18,Finance,Large,Remote,114283
Frontend Developer,3,Diploma,7,Media,Large,Germany,120724
AI Engineer,5,Master,1,Technology,Large,Sweden,251606
Data Scientist,3,Master,13,Government,Medium,India,44426
Data Scientist,4,Master,3,Government,Small,USA,246686
Frontend Developer,1,Diploma,3,Consulting,Large,USA,106602
Software Engineer,1,Bachelor,15,Government,Startup,USA,143464
Software Engineer,2,Diploma,19,Technology,Medium,USA,151110
Business Analyst,15,Diploma,4,Telecom,Enterprise,USA,181533
Software Engineer,11,Bachelor,13,Technology,Startup,Canada,139469
Cloud Engineer,5,Bachelor,13,Education,Enterprise,India,54467
Product Manager,1,Bachelor,15,Finance,Large,India,48000
AI Engineer,4,Diploma,19,Education,Medium,Canada,191240
Product Manager,5,Bachelor,16,Technology,Startup,UK,131370
Software Engineer,2,Diploma,7,Telecom,Medium,India,25000
Cybersecurity Analyst,11,High School,3,Technology,Large,Sweden,166440
Software Engineer,1,Master,20,Telecom,Medium,USA,171451
Software Engineer,7,Bachelor,2,Finance,Startup,Germany,176431
Software Engineer,1,PhD,18,Retail,Enterprise,Germany,124570
Cybersecurity Analyst,1,Bachelor,11,Technology,Medium,Netherlands,105512
DevOps Engineer,4,Bachelor,1,Technology,Medium,India,54090
Software Engineer,0,Bachelor,16,Technology,Small,USA,115099
Cloud Engineer,5,Master,17,Healthcare,Medium,Canada,180624
Software Engineer,3,Bachelor,16,Technology,Enterprise,India,55477
Software Engineer,4,Bachelor,10,Manufacturing,Medium,USA,153510
Business Analyst,2,Bachelor,17,Government,Medium,USA,115996
Data Analyst,11,Diploma,3,Manufacturing,Large,USA,132767
DevOps Engineer,8,Master,18,Consulting,Large,India,52331
Software Engineer,7,Diploma,19,Finance,Startup,India,36043
Backend Developer,2,Diploma,14,Manufacturing,Large,UK,70696
Software Engineer,7,Bachelor,2,Technology,Enterprise,USA,261540
DevOps Engineer,6,Diploma,12,Technology,Large,India,37244
Business Analyst,20,Bachelor,11,Technology,Small,India,49089
Data Analyst,1,Master,17,Healthcare,Medium,USA,122714
Cybersecurity Analyst,4,High School,6,Technology,Medium,India,33591
Data Analyst,2,Master,19,Technology,Medium,USA,129459
Software Engineer,6,Bachelor,13,Healthcare,Enterprise,Canada,210681
Frontend Developer,1,Master,7,Manufacturing,Large,UK,128081
Data Analyst,8,Bachelor,11,Finance,Medium,India,47097
Data Analyst,1,Bachelor,7,Technology,Startup,Germany,78807
Data Analyst,6,Diploma,13,Education,Large,Netherlands,114580
Data Scientist,3,Bachelor,13,Technology,Medium,Canada,180252
Machine Learning Engineer,2,Bachelor,1,Technology,Large,Germany,185628
Software Engineer,1,Bachelor,19,Finance,Enterprise,UK,190820
Data Scientist,2,Bachelor,19,Consulting,Medium,USA,178282
Software Engineer,3,Bachelor,15,Education,Enterprise,USA,191865
Data Analyst,4,High School,14,Manufacturing,Large,India,25383
Business Analyst,5,Bachelor,3,Finance,Large,UK,113308
Cloud Engineer,4,Bachelor,20,Consulting,Large,USA,181060
Backend Developer,3,Bachelor,4,Finance,Enterprise,Germany,172577
Data Scientist,13,Master,7,Finance,Medium,Netherlands,182855
Business Analyst,7,Master,1,Consulting,Medium,Germany,118783
Machine Learning Engineer,2,Bachelor,19,Telecom,Large,India,58410
Cloud Engineer,4,Bachelor,3,Manufacturing,Large,USA,198155
Software Engineer,2,Master,20,Technology,Large,India,40353
Data Scientist,3,Master,15,Consulting,Small,USA,193481
Software Engineer,1,Bachelor,13,Healthcare,Enterprise,Netherlands,129180
DevOps Engineer,5,Master,14,Technology,Enterprise,USA,149381
Software Engineer,16,Diploma,7,Finance,Small,India,41852
Data Analyst,5,Diploma,1,Technology,Medium,India,34585
DevOps Engineer,5,Bachelor,13,Technology,Enterprise,USA,302318
Frontend Developer,4,Bachelor,4,Technology,Enterprise,Remote,200347
Backend Developer,1,High School,12,Finance,Medium,USA,113976
Cloud Engineer,14,High School,7,Manufacturing,Large,Canada,182361
Data Analyst,5,Bachelor,2,Healthcare,Large,Germany,117847
Cybersecurity Analyst,7,PhD,17,Consulting,Large,USA,293372
AI Engineer,3,Diploma,1,Finance,Large,USA,224973
Backend Developer,7,Bachelor,14,Retail,Medium,India,49494
Data Scientist,14,Bachelor,1,Technology,Medium,USA,257805
Backend Developer,11,Diploma,3,Technology,Medium,USA,223672
Software Engineer,0,Bachelor,11,Consulting,Large,UK,146782
Data Analyst,10,Bachelor,7,Finance,Large,Remote,185769
Data Analyst,2,Diploma,9,Technology,Startup,Germany,70313
Frontend Developer,2,Bachelor,3,Government,Small,USA,112518
Product Manager,1,Master,1,Finance,Large,Germany,188374
Software Engineer,6,Bachelor,19,Technology,Startup,Singapore,101506
Software Engineer,5,Bachelor,2,Manufacturing,Large,India,42428
DevOps Engineer,7,Bachelor,5,Technology,Large,USA,185353
Backend Developer,4,Master,17,Consulting,Enterprise,USA,268141
Software Engineer,2,Bachelor,19,Retail,Large,USA,154078
Software Engineer,7,Bachelor,5,Consulting,Large,Australia,173765
Software Engineer,3,Master,14,Technology,Medium,USA,166070
Software Engineer,8,PhD,10,Technology,Medium,Canada,276736
Machine Learning Engineer,5,Bachelor,7,Manufacturing,Large,India,68234
Business Analyst,5,Master,8,Technology,Large,Canada,100332
Frontend Developer,16,Bachelor,8,Technology,Medium,India,70792
Software Engineer,0,High School,7,Technology,Medium,USA,93957
Software Engineer,0,Bachelor,13,Technology,Large,India,37085
Data Analyst,2,Bachelor,14,Consulting,Startup,USA,89755
DevOps Engineer,8,Bachelor,19,Healthcare,Startup,India,53448
Business Analyst,3,Diploma,11,Technology,Startup,Canada,73214
Software Engineer,3,Master,2,Media,Enterprise,India,48550
Software Engineer,0,PhD,17,Government,Large,USA,104898
AI Engineer,7,PhD,6,Technology,Large,USA,350000
AI Engineer,0,High School,9,Retail,Medium,USA,85127
Software Engineer,3,Bachelor,19,Healthcare,Enterprise,Remote,149350
Software Engineer,0,Bachelor,5,Education,Enterprise,UK,170771
Cloud Engineer,9,Bachelor,9,Technology,Medium,UK,200443
Cybersecurity Analyst,0,Bachelor,7,Education,Large,USA,145356
Frontend Developer,3,Master,4,Technology,Medium,UK,101550
Software Engineer,2,Bachelor,18,Technology,Medium,USA,152468
Frontend Developer,7,Bachelor,18,Finance,Large,India,57111
Data Scientist,5,Bachelor,20,Technology,Medium,USA,275865
Software Engineer,15,PhD,17,Technology,Medium,USA,350000
Cybersecurity Analyst,1,PhD,4,Technology,Enterprise,USA,350000
Data Scientist,10,Master,16,Government,Large,India,77095
Data Scientist,12,Master,5,Education,Large,USA,288115
Frontend Developer,15,Bachelor,9,Finance,Enterprise,USA,252124
DevOps Engineer,4,Master,2,Finance,Medium,Germany,149823
Frontend Developer,1,Master,2,Government,Medium,Canada,118470
Software Engineer,6,Bachelor,4,Telecom,Small,Singapore,150554
Data Analyst,0,Master,20,Finance,Large,USA,102353
Backend Developer,10,Bachelor,20,Consulting,Large,UK,203767
Software Engineer,4,Diploma,17,Media,Large,USA,106710
Data Analyst,6,Bachelor,20,Finance,Large,UK,133513
Software Engineer,15,Bachelor,19,Finance,Medium,USA,188609
Business Analyst,5,Master,3,Finance,Large,India,43287
Frontend Developer,1,Bachelor,5,Government,Medium,UK,102897
Frontend Developer,4,Bachelor,10,Healthcare,Medium,USA,118672
Backend Developer,2,High School,6,Technology,Enterprise,USA,92334
DevOps Engineer,5,Master,3,Finance,Large,USA,196604
Software Engineer,3,Bachelor,17,Technology,Medium,USA,167003
Software Engineer,2,Master,10,Government,Small,UK,120030
Product Manager,4,Bachelor,12,Government,Enterprise,India,56551
Product Manager,1,Master,1,Technology,Startup,Singapore,149769
AI Engineer,4,High School,18,Government,Medium,India,33470
Product Manager,6,Master,19,Technology,Large,USA,154373
Product Manager,13,Bachelor,20,Consulting,Enterprise,USA,350000
Software Engineer,2,Bachelor,4,Technology,Large,USA,211282
Machine Learning Engineer,17,Master,15,Technology,Large,Remote,350000
Frontend Developer,6,High School,9,Technology,Large,India,29645
Software Engineer,3,Master,6,Consulting,Small,Sweden,96323
Frontend Developer,3,Bachelor,12,Technology,Enterprise,Germany,160089
Software Engineer,4,Bachelor,18,Manufacturing,Large,USA,162720
Data Scientist,3,PhD,15,Media,Enterprise,USA,271027
Software Engineer,2,Master,19,Technology,Enterprise,Germany,142507
Software Engineer,5,Diploma,9,Telecom,Enterprise,Germany,127027
DevOps Engineer,0,Bachelor,13,Finance,Medium,India,31808
Frontend Developer,2,Master,16,Healthcare,Large,USA,198391
Product Manager,8,Diploma,13,Technology,Large,USA,231409
DevOps Engineer,0,Bachelor,1,Retail,Enterprise,USA,218806
Backend Developer,6,Master,18,Technology,Enterprise,India,61444
Cybersecurity Analyst,5,Diploma,3,Technology,Small,India,42607
Software Engineer,2,Bachelor,17,Technology,Small,India,35368
Machine Learning Engineer,3,Bachelor,5,Manufacturing,Medium,Canada,179813
Frontend Developer,4,Bachelor,6,Education,Large,UK,146506
Cloud Engineer,6,Master,17,Telecom,Large,Germany,266273
Software Engineer,6,Bachelor,17,Finance,Enterprise,Canada,184678
AI Engineer,10,High School,1,Technology,Enterprise,Germany,147479
Data Scientist,5,Diploma,7,Technology,Large,India,52233
Backend Developer,11,Bachelor,16,Technology,Large,UK,175388
Cybersecurity Analyst,0,Bachelor,5,Government,Small,USA,134410
DevOps Engineer,10,Bachelor,16,Finance,Large,Germany,213006
Frontend Developer,3,PhD,4,Healthcare,Large,Australia,153016
DevOps Engineer,5,Bachelor,11,Technology,Enterprise,Canada,173576
Software Engineer,7,Master,14,Telecom,Medium,USA,232125
Data Analyst,1,Bachelor,13,Retail,Medium,USA,94929
DevOps Engineer,3,PhD,8,Technology,Large,USA,251247
Data Analyst,11,Bachelor,20,Finance,Large,Remote,216257
Business Analyst,13,Diploma,15,Consulting,Startup,USA,213097
DevOps Engineer,2,Bachelor,18,Technology,Medium,USA,157213
Frontend Developer,7,PhD,7,Technology,Enterprise,Canada,188543
Software Engineer,3,Bachelor,19,Technology,Large,India,44347
Frontend Developer,1,High School,9,Retail,Large,Canada,94579
Data Analyst,12,Diploma,11,Healthcare,Large,India,53077
Product Manager,1,Diploma,10,Healthcare,Large,USA,157220
Business Analyst,21,Bachelor,14,Technology,Medium,Canada,212074
AI Engineer,1,Master,16,Technology,Medium,Remote,205939
Cybersecurity Analyst,10,Bachelor,8,Technology,Large,USA,214022
Business Analyst,9,PhD,1,Government,Large,UK,147934
DevOps Engineer,3,Bachelor,12,Technology,Small,UK,144589
Frontend Developer,5,Bachelor,3,Finance,Medium,UK,136280
DevOps Engineer,3,Master,2,Consulting,Medium,USA,189904
Frontend Developer,2,Bachelor,16,Technology,Large,Australia,121850
Machine Learning Engineer,6,Bachelor,4,Finance,Medium,UK,171159
Software Engineer,8,Bachelor,2,Media,Large,USA,194064
Data Scientist,2,Bachelor,12,Finance,Large,Australia,196065
Software Engineer,12,Bachelor,17,Manufacturing,Large,USA,255701
Software Engineer,5,Bachelor,20,Technology,Medium,Germany,124060
Backend Developer,4,Diploma,10,Technology,Large,Australia,122946
Data Analyst,4,Bachelor,20,Healthcare,Large,USA,154074
Software Engineer,12,Bachelor,8,Finance,Enterprise,Germany,250074
Machine Learning Engineer,3,Bachelor,18,Technology,Enterprise,Singapore,163406
DevOps Engineer,3,Bachelor,18,Technology,Medium,USA,119491
Cybersecurity Analyst,12,Bachelor,18,Retail,Enterprise,Australia,194150
Frontend Developer,12,Bachelor,2,Healthcare,Medium,USA,200717
Data Analyst,9,Bachelor,12,Healthcare,Medium,Netherlands,96521
Data Scientist,1,High School,10,Manufacturing,Enterprise,UK,138937
Software Engineer,17,Master,8,Finance,Medium,Australia,248122
Data Analyst,5,Master,19,Technology,Large,Sweden,161259
Product Manager,4,Bachelor,10,Technology,Medium,Singapore,139780
Frontend Developer,9,PhD,11,Finance,Small,Germany,158496
Data Analyst,6,Bachelor,14,Healthcare,Medium,India,34383
Software Engineer,3,Master,15,Technology,Startup,India,85592
Product Manager,13,Master,10,Healthcare,Medium,USA,322536
Software Engineer,4,Bachelor,4,Healthcare,Enterprise,Netherlands,177829
Business Analyst,5,PhD,7,Technology,Small,USA,86306
Software Engineer,13,Bachelor,11,Consulting,Large,India,67759
Software Engineer,9,PhD,3,Healthcare,Medium,Singapore,161061
Data Analyst,7,Master,5,Technology,Large,Germany,133115
Frontend Developer,3,Bachelor,2,Consulting,Large,USA,187008
Data Scientist,6,Bachelor,12,Education,Medium,USA,173458
Data Analyst,6,Master,5,Technology,Large,Remote,188466
Machine Learning Engineer,6,Bachelor,7,Healthcare,Medium,Singapore,174129
AI Engineer,4,Bachelor,4,Consulting,Medium,India,72971
Backend Developer,2,Master,11,Government,Large,Canada,153284
Backend Developer,10,High School,9,Telecom,Large,USA,198957
Backend Developer,3,Bachelor,4,Finance,Large,Singapore,158787
Data Analyst,5,Bachelor,9,Technology,Medium,Germany,200717
Software Engineer,0,Diploma,12,Healthcare,Large,USA,104623
Data Analyst,9,High School,16,Technology,Medium,Canada,105086
Frontend Developer,2,Diploma,1,Technology,Large,USA,120410
Backend Developer,6,Bachelor,8,Consulting,Large,USA,258153
Data Scientist,1,PhD,1,Technology,Large,USA,210033
Data Scientist,4,Bachelor,20,Telecom,Medium,Germany,136333
Software Engineer,3,Bachelor,19,Finance,Medium,USA,87015
Backend Developer,2,Bachelor,4,Technology,Small,UK,110583
DevOps Engineer,5,Diploma,14,Consulting,Medium,India,31875
Software Engineer,1,Master,14,Media,Large,USA,193112
Software Engineer,8,Master,9,Telecom,Enterprise,USA,300951
Data Analyst,8,Diploma,9,Healthcare,Large,USA,131973
Software Engineer,2,Master,17,Manufacturing,Medium,Germany,142505
Data Scientist,12,Bachelor,15,Manufacturing,Medium,USA,271556
Data Analyst,4,Bachelor,10,Technology,Medium,UK,79789
Data Analyst,2,Bachelor,17,Healthcare,Medium,UK,116036
Software Engineer,0,PhD,9,Consulting,Enterprise,Canada,141174
Software Engineer,11,Bachelor,4,Government,Medium,UK,196379
Backend Developer,2,Master,14,Technology,Large,India,47715
Software Engineer,3,Bachelor,3,Telecom,Medium,Australia,131467
Machine Learning Engineer,3,Diploma,12,Technology,Large,USA,194232
Software Engineer,9,Master,1,Finance,Enterprise,India,65321
Software Engineer,7,Bachelor,1,Education,Enterprise,Germany,215285
Frontend Developer,5,Bachelor,13,Consulting,Large,USA,206866
AI Engineer,1,Diploma,14,Finance,Enterprise,Canada,179843
Frontend Developer,14,PhD,16,Retail,Enterprise,Germany,227626
Software Engineer,7,Master,7,Finance,Medium,UK,144964
Data Analyst,7,Diploma,10,Technology,Medium,India,36687
Data Scientist,1,PhD,15,Media,Medium,USA,132479
Data Analyst,1,Master,8,Technology,Medium,Remote,116201
Frontend Developer,5,Bachelor,11,Manufacturing,Large,Remote,128426
Frontend Developer,5,Master,14,Technology,Medium,USA,147416
Frontend Developer,2,PhD,13,Healthcare,Large,USA,140113
Data Analyst,1,Bachelor,13,Media,Startup,India,25000
DevOps Engineer,3,Bachelor,9,Finance,Small,India,43987
Cloud Engineer,3,Diploma,17,Finance,Medium,USA,145633
DevOps Engineer,1,Bachelor,18,Technology,Large,Singapore,148363
Data Scientist,7,PhD,19,Healthcare,Large,USA,303190
Software Engineer,7,Diploma,13,Technology,Medium,USA,167559
Data Scientist,6,Bachelor,12,Finance,Large,UK,210935
DevOps Engineer,1,Bachelor,20,Finance,Enterprise,UK,93227
Software Engineer,3,Diploma,20,Technology,Small,USA,131169
DevOps Engineer,8,High School,8,Technology,Large,UK,174202
Cybersecurity Analyst,5,Bachelor,11,Technology,Small,Remote,136145
DevOps Engineer,12,Diploma,7,Technology,Medium,Canada,121534
Software Engineer,11,Master,1,Technology,Medium,Netherlands,177690
AI Engineer,4,Bachelor,10,Healthcare,Enterprise,Canada,253376
Software Engineer,2,Bachelor,15,Finance,Medium,India,35322
Business Analyst,8,Bachelor,4,Technology,Medium,USA,147338
Business Analyst,8,Bachelor,1,Retail,Medium,India,42020
Software Engineer,9,Diploma,11,Technology,Medium,Australia,175986
Data Scientist,5,Master,5,Consulting,Startup,USA,213665
Data Analyst,2,High School,19,Technology,Large,Germany,81888
Frontend Developer,6,PhD,19,Manufacturing,Large,Singapore,155027
Software Engineer,7,Bachelor,4,Technology,Enterprise,USA,236340
Data Scientist,8,PhD,2,Retail,Startup,UK,176218
Data Analyst,3,Master,7,Technology,Medium,Singapore,123258
Software Engineer,6,Bachelor,13,Technology,Enterprise,India,68654
Machine Learning Engineer,1,PhD,20,Manufacturing,Medium,USA,257796
Software Engineer,8,Bachelor,12,Technology,Enterprise,Remote,158810
Product Manager,5,Master,2,Technology,Large,Canada,188451
AI Engineer,2,Bachelor,9,Technology,Enterprise,India,68861
Data Analyst,11,Bachelor,16,Technology,Large,UK,211417
Software Engineer,3,Diploma,8,Technology,Large,USA,147214
Software Engineer,5,Master,18,Finance,Enterprise,Remote,135328
AI Engineer,3,Master,4,Government,Startup,USA,179365
Software Engineer,5,Diploma,11,Healthcare,Large,Netherlands,127059
Software Engineer,7,High School,17,Media,Large,Remote,141125
Data Scientist,3,PhD,8,Consulting,Medium,Remote,204433
Cybersecurity Analyst,4,Bachelor,19,Technology,Medium,India,53519
Backend Developer,8,Bachelor,8,Media,Startup,USA,198542
Backend Developer,0,Bachelor,6,Technology,Medium,India,36106
Data Analyst,8,High School,2,Consulting,Large,India,34175
Software Engineer,10,Bachelor,15,Manufacturing,Small,Sweden,132371
Cloud Engineer,1,Bachelor,1,Media,Small,UK,118321
Product Manager,0,Bachelor,6,Consulting,Medium,India,40403
Software Engineer,1,Bachelor,19,Manufacturing,Large,USA,165756
DevOps Engineer,2,Diploma,4,Government,Enterprise,Canada,117103
Business Analyst,1,Bachelor,13,Education,Medium,India,25000
Data Analyst,7,Diploma,15,Finance,Large,USA,156050
Software Engineer,4,Bachelor,9,Technology,Large,USA,159747
Cybersecurity Analyst,6,Bachelor,3,Technology,Startup,USA,184742
Frontend Developer,9,Bachelor,2,Technology,Medium,Remote,197671
Backend Developer,8,Master,16,Technology,Large,Remote,258196
Software Engineer,13,High School,18,Finance,Startup,Australia,142597
Software Engineer,10,Bachelor,18,Consulting,Large,India,69026
Frontend Developer,4,Bachelor,6,Manufacturing,Medium,India,36202
Software Engineer,6,Master,18,Education,Enterprise,Canada,158395
Backend Developer,14,Master,11,Technology,Large,USA,256074
Frontend Developer,3,Diploma,7,Retail,Medium,Sweden,104085
DevOps Engineer,7,Bachelor,14,Healthcare,Large,USA,212922
Machine Learning Engineer,16,Bachelor,18,Technology,Large,India,66139
Backend Developer,7,Diploma,7,Finance,Large,USA,142183
Frontend Developer,2,Bachelor,10,Government,Large,India,28141
Software Engineer,0,Bachelor,8,Finance,Large,USA,126634
Backend Developer,2,Bachelor,14,Telecom,Large,India,46953
Frontend Developer,4,Bachelor,18,Manufacturing,Medium,USA,137928
Backend Developer,15,Bachelor,5,Technology,Large,Germany,182975
Software Engineer,9,Bachelor,14,Technology,Enterprise,India,60986
Data Analyst,3,PhD,10,Technology,Large,USA,164898
DevOps Engineer,2,Bachelor,15,Technology,Enterprise,Germany,120342
Business Analyst,2,High School,6,Consulting,Startup,India,25000
Software Engineer,18,Diploma,9,Technology,Large,UK,157176
Cloud Engineer,1,Bachelor,10,Technology,Startup,India,31870
Software Engineer,8,Bachelor,17,Technology,Large,USA,225826
Data Scientist,8,Bachelor,1,Manufacturing,Medium,Australia,180310
Data Scientist,4,Bachelor,14,Manufacturing,Large,USA,219618
Backend Developer,1,PhD,4,Technology,Enterprise,USA,216240
Data Analyst,6,Bachelor,2,Technology,Enterprise,Sweden,134569
Data Analyst,15,Bachelor,3,Healthcare,Large,USA,188068
Data Scientist,1,Bachelor,7,Manufacturing,Large,India,50665
Data Analyst,5,Master,14,Technology,Large,India,43699
Data Analyst,8,Bachelor,12,Consulting,Large,USA,146462
Machine Learning Engineer,14,Bachelor,19,Finance,Medium,Germany,219307
Software Engineer,0,PhD,18,Technology,Large,USA,156042
Backend Developer,7,Bachelor,15,Technology,Enterprise,USA,188808
Data Analyst,14,Bachelor,1,Technology,Large,USA,214176
Backend Developer,8,Bachelor,3,Healthcare,Small,India,44317
Machine Learning Engineer,2,Bachelor,15,Healthcare,Large,India,59760
Data Scientist,5,Master,4,Technology,Small,Remote,192899
DevOps Engineer,9,High School,15,Manufacturing,Startup,USA,136864
Product Manager,10,Master,10,Retail,Medium,Canada,301343
Software Engineer,8,Diploma,6,Technology,Enterprise,Germany,171028
AI Engineer,5,Master,13,Finance,Medium,India,68325
Data Analyst,4,Master,7,Technology,Startup,India,30698
Software Engineer,10,Bachelor,1,Retail,Large,India,57301
Frontend Developer,7,Bachelor,11,Technology,Startup,UK,125806
Data Analyst,5,Diploma,14,Technology,Large,Netherlands,110346
Frontend Developer,2,Master,6,Finance,Small,USA,97289
DevOps Engineer,2,Bachelor,5,Technology,Medium,USA,128028
Data Analyst,4,Bachelor,19,Technology,Large,India,39176
Frontend Developer,7,Master,19,Technology,Startup,Canada,144904
Frontend Developer,7,PhD,13,Technology,Medium,Netherlands,143115
Frontend Developer,7,Bachelor,7,Consulting,Enterprise,India,52915
Software Engineer,5,PhD,8,Retail,Large,USA,171737
Software Engineer,10,Bachelor,14,Healthcare,Enterprise,USA,350000
Data Analyst,11,Bachelor,19,Healthcare,Medium,India,56633
DevOps Engineer,1,Master,19,Telecom,Large,Germany,168799
Data Analyst,3,Bachelor,12,Finance,Enterprise,USA,150392
Software Engineer,18,Diploma,9,Finance,Startup,Singapore,164930
Software Engineer,4,Bachelor,14,Consulting,Large,India,38766
Data Scientist,4,Bachelor,6,Healthcare,Large,India,56340
Frontend Developer,2,Bachelor,15,Finance,Medium,Remote,111495
Data Analyst,10,Master,13,Finance,Startup,USA,157054
Backend Developer,21,Master,7,Consulting,Large,India,80490
Software Engineer,2,Bachelor,11,Manufacturing,Large,USA,176467
Frontend Developer,10,Master,10,Healthcare,Small,Sweden,126542
Cloud Engineer,2,Master,1,Healthcare,Large,USA,225262
Software Engineer,9,Bachelor,7,Technology,Medium,India,57074
Business Analyst,2,Bachelor,18,Finance,Large,USA,127938
Cloud Engineer,0,Master,3,Consulting,Medium,Canada,188350
Software Engineer,18,Master,9,Healthcare,Enterprise,Germany,342868
Software Engineer,3,Diploma,5,Technology,Medium,Canada,89507
Cybersecurity Analyst,1,Bachelor,13,Technology,Large,Sweden,133151
Product Manager,5,Bachelor,16,Telecom,Large,Australia,197859
Frontend Developer,7,Bachelor,16,Technology,Medium,USA,126463
AI Engineer,11,Master,12,Manufacturing,Large,USA,284317
Frontend Developer,4,Bachelor,18,Retail,Startup,USA,151684
Frontend Developer,4,Bachelor,11,Technology,Medium,India,40360
AI Engineer,3,Bachelor,17,Manufacturing,Medium,USA,166383
Backend Developer,5,Bachelor,7,Retail,Medium,India,50430
Frontend Developer,8,Master,15,Finance,Large,USA,246611
DevOps Engineer,6,Bachelor,6,Finance,Large,USA,255673
Backend Developer,3,Bachelor,6,Technology,Medium,India,45583
Backend Developer,5,Master,18,Manufacturing,Large,India,52952
Software Engineer,1,Bachelor,19,Technology,Large,Remote,186308
Software Engineer,4,Bachelor,20,Technology,Large,India,38789
Software Engineer,3,Master,19,Technology,Enterprise,India,70726
Software Engineer,11,PhD,2,Technology,Large,USA,276019
Backend Developer,5,Bachelor,3,Finance,Large,USA,191434
Software Engineer,4,High School,14,Technology,Startup,USA,102599
DevOps Engineer,4,Bachelor,4,Consulting,Large,Germany,163083
Frontend Developer,4,Master,17,Technology,Medium,USA,226635
Business Analyst,2,Bachelor,6,Media,Large,USA,110577
Software Engineer,8,Bachelor,19,Technology,Large,Australia,194339
DevOps Engineer,0,Bachelor,9,Technology,Small,USA,120537
Backend Developer,3,Bachelor,4,Healthcare,Large,USA,202541
Software Engineer,2,Master,7,Technology,Medium,USA,151920
Data Analyst,3,Bachelor,4,Education,Large,UK,113244
Cloud Engineer,8,Master,11,Manufacturing,Medium,USA,235117
DevOps Engineer,4,Master,2,Technology,Enterprise,India,53320
Frontend Developer,5,Bachelor,10,Finance,Medium,Singapore,190299
Data Analyst,7,PhD,6,Manufacturing,Medium,India,47085
Software Engineer,7,Master,8,Education,Large,USA,234697
Software Engineer,7,Bachelor,15,Finance,Enterprise,India,50996
Data Analyst,5,Bachelor,13,Technology,Small,USA,111753
Data Analyst,10,Bachelor,2,Technology,Large,UK,111776
Software Engineer,2,Diploma,20,Retail,Small,Canada,121070
DevOps Engineer,4,PhD,1,Education,Enterprise,UK,236702
Data Analyst,3,Master,15,Government,Large,USA,150312
Frontend Developer,3,Bachelor,7,Technology,Large,India,48784
Data Analyst,2,Bachelor,18,Technology,Large,Canada,99269
Frontend Developer,9,Diploma,10,Technology,Medium,USA,125746
Backend Developer,7,Bachelor,15,Consulting,Large,UK,160259
DevOps Engineer,4,Bachelor,5,Consulting,Medium,India,46738
Data Scientist,6,High School,11,Telecom,Medium,USA,156719
Data Analyst,9,Master,8,Telecom,Medium,USA,119718
Cybersecurity Analyst,13,Bachelor,8,Technology,Small,Singapore,154636
Software Engineer,1,Bachelor,6,Technology,Medium,Canada,65978
Business Analyst,4,Master,15,Technology,Large,India,32353
Software Engineer,11,Bachelor,15,Technology,Large,USA,244685
DevOps Engineer,19,Bachelor,5,Healthcare,Enterprise,USA,350000
Software Engineer,6,Diploma,13,Healthcare,Large,USA,148670
Product Manager,9,Bachelor,14,Technology,Enterprise,USA,318852
Data Scientist,0,High School,11,Government,Medium,USA,115943
Software Engineer,6,Bachelor,20,Technology,Enterprise,Germany,219511
Software Engineer,4,Master,12,Technology,Enterprise,UK,234243
Software Engineer,8,Master,20,Technology,Enterprise,India,64735
Backend Developer,14,PhD,1,Finance,Enterprise,USA,284778
Software Engineer,5,Bachelor,3,Finance,Large,Singapore,113875
Software Engineer,4,High School,8,Finance,Large,Canada,125691
Backend Developer,3,Bachelor,12,Technology,Large,USA,218370
Data Analyst,0,Bachelor,15,Technology,Large,USA,138353
Data Analyst,3,High School,3,Technology,Large,India,26888
Software Engineer,1,Bachelor,8,Consulting,Medium,USA,145057
Data Analyst,1,Diploma,19,Media,Large,USA,95094
Software Engineer,6,Master,20,Technology,Large,India,54348
AI Engineer,1,High School,6,Technology,Enterprise,UK,148242
Frontend Developer,5,Master,18,Healthcare,Large,India,54995
Frontend Developer,17,Bachelor,11,Manufacturing,Enterprise,Sweden,241280
Cloud Engineer,3,Bachelor,12,Telecom,Medium,USA,190479
Software Engineer,1,Bachelor,2,Technology,Large,India,43094
Data Scientist,15,Bachelor,5,Technology,Medium,India,67586
Backend Developer,2,Bachelor,4,Finance,Medium,Germany,97026
Cybersecurity Analyst,3,Bachelor,9,Media,Small,USA,124485
AI Engineer,10,High School,13,Healthcare,Medium,USA,201559
Machine Learning Engineer,1,PhD,13,Technology,Enterprise,USA,176458
Cybersecurity Analyst,3,Bachelor,15,Technology,Startup,USA,152811
Software Engineer,1,Diploma,2,Retail,Medium,USA,146059
Business Analyst,10,Master,13,Technology,Medium,Remote,152695
Data Scientist,1,Master,7,Healthcare,Medium,UK,140205
Data Scientist,7,PhD,17,Telecom,Startup,India,47459
Data Analyst,4,Bachelor,8,Manufacturing,Medium,Netherlands,98708
Backend Developer,3,PhD,18,Manufacturing,Enterprise,Netherlands,168503
Software Engineer,4,Bachelor,15,Technology,Large,Australia,145503
Software Engineer,3,Master,15,Technology,Small,USA,137702
Frontend Developer,2,Bachelor,5,Government,Medium,India,34576
AI Engineer,0,Bachelor,2,Healthcare,Small,USA,141988
Data Analyst,1,Bachelor,16,Technology,Large,Canada,115564
Data Scientist,5,Bachelor,5,Technology,Large,USA,350000
Software Engineer,3,Diploma,6,Finance,Medium,Remote,93752
Cloud Engineer,7,Bachelor,12,Healthcare,Large,UK,147678
Business Analyst,5,Master,5,Healthcare,Large,USA,184564
Data Analyst,0,Bachelor,20,Manufacturing,Medium,Canada,88549
Software Engineer,6,High School,8,Technology,Startup,Canada,94338
Software Engineer,1,Bachelor,11,Finance,Medium,USA,160884
Software Engineer,5,Bachelor,14,Technology,Medium,UK,139097
Business Analyst,1,Bachelor,17,Government,Large,Netherlands,114467
Data Analyst,9,Master,10,Education,Large,USA,207056
Frontend Developer,8,Master,2,Retail,Large,USA,280611
Data Analyst,4,Diploma,3,Technology,Large,USA,99207
AI Engineer,8,Diploma,13,Technology,Medium,Canada,209669
Software Engineer,2,Bachelor,17,Technology,Medium,USA,165622
Data Analyst,2,Diploma,3,Government,Medium,UK,95086
Backend Developer,9,PhD,10,Media,Small,Australia,201310
Cloud Engineer,0,Bachelor,8,Healthcare,Small,USA,119576
Product Manager,4,Diploma,4,Technology,Medium,Canada,122115
Cybersecurity Analyst,6,Master,13,Media,Enterprise,India,58515
Data Scientist,3,Bachelor,7,Technology,Medium,India,33579
Software Engineer,11,Bachelor,7,Technology,Small,USA,148683
Business Analyst,13,Bachelor,16,Finance,Medium,India,46850
Software Engineer,6,Bachelor,5,Healthcare,Startup,UK,122059
Machine Learning Engineer,1,High School,17,Technology,Large,India,37171
Software Engineer,8,Bachelor,10,Finance,Small,USA,132326
Software Engineer,17,Bachelor,4,Technology,Large,Canada,164975
Machine Learning Engineer,5,Bachelor,14,Government,Large,Australia,202790
Business Analyst,4,Diploma,5,Technology,Large,UK,104463
Software Engineer,2,Master,2,Healthcare,Small,Sweden,87379
Software Engineer,6,Bachelor,14,Finance,Large,Remote,176818
Software Engineer,4,High School,18,Healthcare,Medium,India,35707
Software Engineer,0,Master,11,Finance,Medium,Singapore,134942
Machine Learning Engineer,8,Bachelor,16,Technology,Large,India,55916
Software Engineer,1,Bachelor,18,Technology,Enterprise,India,42995
Software Engineer,19,Master,16,Finance,Medium,India,101930
Frontend Developer,5,Bachelor,4,Technology,Large,Netherlands,139521
DevOps Engineer,4,Bachelor,1,Consulting,Enterprise,USA,228542
DevOps Engineer,5,High School,14,Technology,Large,India,45258
Data Analyst,5,Bachelor,12,Technology,Enterprise,India,46691
Business Analyst,3,Bachelor,10,Consulting,Large,USA,154008
Backend Developer,0,Master,19,Technology,Small,USA,115695
Business Analyst,11,Bachelor,4,Technology,Medium,Canada,133804
Software Engineer,5,Master,20,Finance,Medium,UK,191329
Data Analyst,10,Bachelor,3,Manufacturing,Medium,Canada,151694
Frontend Developer,1,Master,4,Finance,Startup,UK,99547
Product Manager,2,Master,15,Finance,Small,Singapore,160694
Data Analyst,3,Bachelor,11,Government,Startup,UK,114864
Backend Developer,1,High School,16,Finance,Large,Canada,130981
Backend Developer,8,PhD,4,Finance,Large,Sweden,164866
Software Engineer,4,Master,6,Healthcare,Large,UK,154713
Software Engineer,6,Bachelor,8,Technology,Enterprise,India,45228
Software Engineer,2,Bachelor,13,Technology,Startup,Canada,120234
Software Engineer,10,Bachelor,20,Technology,Enterprise,Germany,181909
Backend Developer,8,Bachelor,4,Retail,Enterprise,Australia,189578
DevOps Engineer,7,Diploma,5,Telecom,Large,USA,230912
Machine Learning Engineer,5,Bachelor,10,Consulting,Medium,India,55838
Data Analyst,11,Master,5,Technology,Medium,Remote,115149
Software Engineer,8,Master,12,Finance,Large,Canada,287970
Software Engineer,4,Bachelor,1,Technology,Small,Canada,100757
Software Engineer,3,Master,10,Technology,Medium,Germany,115866
Backend Developer,4,Diploma,5,Government,Medium,Germany,92401
Frontend Developer,6,Bachelor,19,Technology,Enterprise,India,46200
Backend Developer,1,Bachelor,19,Government,Small,Canada,87239
Software Engineer,2,High School,20,Manufacturing,Large,Sweden,85916
Machine Learning Engineer,11,PhD,12,Retail,Small,India,39250
Machine Learning Engineer,9,PhD,16,Government,Large,USA,310524
Product Manager,4,Diploma,5,Technology,Enterprise,Germany,183049
Software Engineer,25,Master,17,Healthcare,Large,India,136387
Data Analyst,8,Bachelor,14,Technology,Large,UK,134932
Frontend Developer,5,Diploma,12,Technology,Large,UK,66158
Software Engineer,9,PhD,13,Technology,Medium,USA,198505
Cloud Engineer,3,Master,14,Healthcare,Medium,India,46951
Product Manager,2,Bachelor,5,Telecom,Medium,UK,163091
Frontend Developer,4,Bachelor,5,Telecom,Enterprise,India,25000
Data Scientist,5,Master,18,Education,Large,UK,224148
Data Analyst,2,Bachelor,14,Healthcare,Large,India,40301
Product Manager,12,Master,18,Government,Large,USA,349630
Data Analyst,3,Master,20,Technology,Large,USA,104872
DevOps Engineer,0,Diploma,1,Healthcare,Large,Germany,127693
Backend Developer,5,High School,7,Technology,Large,Germany,124310
Software Engineer,4,Master,17,Telecom,Large,UK,126076
Product Manager,9,Master,3,Technology,Large,India,91566
Frontend Developer,3,Bachelor,10,Technology,Enterprise,India,36832
Data Scientist,8,Bachelor,7,Technology,Medium,USA,258885
Data Analyst,6,Master,12,Telecom,Large,Singapore,164006
Software Engineer,10,Bachelor,15,Consulting,Enterprise,India,59500
Cloud Engineer,5,Master,16,Technology,Large,Germany,213747
Software Engineer,2,Diploma,8,Government,Large,USA,117890
Data Analyst,6,Bachelor,6,Consulting,Enterprise,Netherlands,98986
Business Analyst,1,Diploma,4,Government,Medium,USA,113586
Software Engineer,0,Master,11,Technology,Medium,USA,153055
Software Engineer,2,Master,17,Telecom,Small,USA,150293
AI Engineer,10,Bachelor,2,Retail,Medium,Canada,258455
Software Engineer,16,High School,6,Finance,Small,USA,149031
Software Engineer,1,PhD,4,Finance,Startup,USA,163674
Backend Developer,9,Bachelor,3,Finance,Medium,USA,223563
Business Analyst,14,PhD,7,Finance,Medium,India,37689
Data Analyst,1,Bachelor,7,Consulting,Large,USA,152283
Backend Developer,12,Bachelor,16,Healthcare,Enterprise,USA,294090
Frontend Developer,1,Bachelor,2,Consulting,Enterprise,Remote,239398
Product Manager,4,PhD,8,Media,Large,USA,276290
Frontend Developer,6,Bachelor,15,Education,Medium,USA,153376
DevOps Engineer,2,Master,16,Government,Small,USA,191035
Backend Developer,12,Diploma,1,Technology,Enterprise,Netherlands,143666
Frontend Developer,4,Bachelor,10,Media,Large,Sweden,206778
Backend Developer,8,Master,7,Media,Large,UK,192800
Data Scientist,2,Diploma,16,Telecom,Medium,Germany,131694
Software Engineer,16,Diploma,10,Technology,Large,USA,327341
Software Engineer,7,Bachelor,12,Technology,Medium,USA,179036
Software Engineer,7,Diploma,17,Technology,Large,Sweden,129057
Data Analyst,6,Diploma,13,Technology,Large,UK,94068
Backend Developer,7,Master,12,Finance,Medium,USA,162952
Frontend Developer,8,Master,15,Technology,Startup,India,51971
Software Engineer,3,High School,14,Technology,Medium,Germany,89746
Frontend Developer,1,PhD,19,Technology,Enterprise,Germany,138278
Data Scientist,1,Diploma,19,Finance,Enterprise,UK,131181
Data Scientist,5,Master,14,Technology,Large,USA,271983
Product Manager,14,Bachelor,18,Technology,Enterprise,UK,305317
AI Engineer,4,Bachelor,5,Media,Large,USA,227627
DevOps Engineer,11,Bachelor,20,Consulting,Medium,Remote,263539
Software Engineer,4,Bachelor,6,Technology,Medium,Singapore,141653
Data Analyst,13,Bachelor,18,Technology,Enterprise,Germany,167982
Software Engineer,6,Bachelor,14,Finance,Medium,USA,191237
Frontend Developer,6,Bachelor,4,Technology,Large,USA,218212
DevOps Engineer,10,PhD,1,Retail,Large,India,92699
Cloud Engineer,6,High School,13,Finance,Medium,UK,100855
Backend Developer,8,Bachelor,11,Technology,Startup,USA,165028
Data Scientist,5,PhD,3,Consulting,Startup,UK,163678
Frontend Developer,6,Master,17,Technology,Large,USA,192306
Data Analyst,1,Diploma,18,Technology,Enterprise,India,29833
Data Scientist,12,Bachelor,10,Media,Enterprise,India,171140
Data Analyst,12,Master,16,Technology,Medium,Australia,350000
Data Analyst,3,Bachelor,13,Technology,Medium,USA,113836
Software Engineer,4,Bachelor,20,Media,Large,India,38477
Software Engineer,16,Bachelor,12,Finance,Large,UK,278714
DevOps Engineer,3,High School,4,Technology,Enterprise,USA,168403
Software Engineer,8,Bachelor,8,Finance,Enterprise,Remote,220859
Business Analyst,5,Bachelor,12,Healthcare,Startup,India,25000
Machine Learning Engineer,1,Diploma,19,Media,Large,USA,166917
Software Engineer,7,Bachelor,15,Finance,Startup,USA,141913
Frontend Developer,11,Bachelor,16,Technology,Large,Singapore,189642
Frontend Developer,4,Bachelor,12,Technology,Small,USA,118280
Software Engineer,1,Master,20,Technology,Medium,USA,142168
Data Analyst,9,Master,18,Finance,Enterprise,Remote,152138
Software Engineer,1,PhD,12,Technology,Small,Netherlands,121416
DevOps Engineer,1,Bachelor,16,Consulting,Large,Germany,136679
Backend Developer,17,Bachelor,20,Manufacturing,Small,Sweden,187921
Software Engineer,10,Master,11,Technology,Small,India,44316
Business Analyst,5,Master,20,Technology,Large,Australia,97149
Backend Developer,7,High School,14,Government,Enterprise,India,37148
Software Engineer,2,Bachelor,2,Technology,Enterprise,Canada,153084
Data Scientist,5,Bachelor,13,Technology,Medium,Germany,162226
Cybersecurity Analyst,1,PhD,14,Technology,Small,Germany,106716
Machine Learning Engineer,1,Diploma,6,Finance,Enterprise,USA,165438
Cloud Engineer,9,Master,12,Technology,Large,Canada,167776
DevOps Engineer,3,Bachelor,7,Consulting,Enterprise,Singapore,165895
Software Engineer,3,Master,4,Technology,Medium,Sweden,117617
Software Engineer,6,Diploma,7,Consulting,Large,USA,202816
Data Scientist,2,Master,13,Manufacturing,Medium,Australia,156675
Software Engineer,4,Master,11,Technology,Large,Germany,187586
Business Analyst,15,Bachelor,8,Finance,Startup,UK,135139
Software Engineer,1,High School,19,Technology,Medium,India,26835
Backend Developer,13,Diploma,2,Finance,Medium,USA,151258
Software Engineer,25,Master,18,Finance,Large,Singapore,247301
Software Engineer,1,Master,10,Finance,Large,UK,147346
Data Scientist,1,Bachelor,6,Government,Enterprise,USA,223621
DevOps Engineer,7,Bachelor,4,Consulting,Large,USA,162428
Product Manager,5,Diploma,19,Retail,Enterprise,India,54365
Data Scientist,2,Master,14,Finance,Small,USA,200084
Software Engineer,12,Master,14,Finance,Large,USA,284872
Data Analyst,3,Bachelor,18,Technology,Small,Germany,102436
Data Scientist,6,Master,17,Technology,Enterprise,USA,243794
Frontend Developer,8,Bachelor,18,Technology,Medium,USA,184062
Frontend Developer,7,Bachelor,18,Retail,Medium,USA,208367
Data Analyst,5,PhD,5,Technology,Medium,USA,153967
Data Scientist,8,Bachelor,9,Technology,Large,Singapore,202311
Data Scientist,1,Bachelor,1,Technology,Large,India,38070
Data Scientist,10,Bachelor,4,Healthcare,Medium,USA,320396
Data Analyst,3,Diploma,7,Technology,Startup,India,31062
Software Engineer,8,Diploma,11,Finance,Large,Canada,124587
Business Analyst,4,High School,14,Technology,Medium,Germany,79999
Software Engineer,3,Bachelor,10,Finance,Medium,Germany,116270
Backend Developer,4,Diploma,19,Manufacturing,Large,India,35694
Machine Learning Engineer,6,Bachelor,8,Healthcare,Enterprise,India,67603
DevOps Engineer,7,Bachelor,3,Technology,Small,USA,159586
Data Analyst,6,Bachelor,8,Telecom,Large,Germany,118171
Frontend Developer,2,Bachelor,18,Healthcare,Startup,Australia,75371
Cloud Engineer,2,Master,5,Healthcare,Large,Canada,188447
Data Analyst,2,Bachelor,20,Technology,Large,India,44328
Software Engineer,4,High School,11,Government,Medium,Canada,90458
Backend Developer,8,Bachelor,9,Finance,Medium,USA,169946
DevOps Engineer,8,PhD,19,Retail,Medium,UK,183948
DevOps Engineer,3,Diploma,12,Technology,Large,Germany,145890
Cloud Engineer,5,Bachelor,5,Technology,Medium,India,50441
Backend Developer,1,Bachelor,16,Technology,Large,UK,147263
Data Analyst,3,Master,13,Technology,Large,Canada,121149
Data Analyst,3,Bachelor,6,Healthcare,Startup,USA,114077
DevOps Engineer,2,Bachelor,16,Government,Startup,UK,61594
Software Engineer,5,Bachelor,18,Technology,Large,USA,220312
AI Engineer,15,Bachelor,17,Finance,Enterprise,UK,315941
Cloud Engineer,5,Bachelor,12,Technology,Small,UK,122975
Software Engineer,11,Bachelor,1,Media,Large,Australia,249736
Software Engineer,9,Bachelor,7,Consulting,Large,USA,177345
Data Analyst,3,Diploma,14,Healthcare,Medium,Canada,100156
Software Engineer,8,High School,18,Media,Large,USA,179180
Machine Learning Engineer,16,Bachelor,1,Technology,Large,USA,350000
AI Engineer,1,Diploma,20,Technology,Medium,Netherlands,102491
Frontend Developer,9,Master,10,Technology,Small,Germany,106851
Product Manager,4,PhD,15,Technology,Enterprise,USA,294969
Data Analyst,2,Bachelor,11,Media,Enterprise,UK,126952
Cybersecurity Analyst,6,Master,4,Consulting,Medium,Netherlands,167877
DevOps Engineer,6,Bachelor,15,Technology,Startup,India,35745
Backend Developer,22,Bachelor,16,Healthcare,Large,USA,300257
Backend Developer,3,Bachelor,15,Manufacturing,Medium,USA,142945
DevOps Engineer,5,Bachelor,17,Retail,Small,UK,150378
Data Scientist,5,PhD,11,Finance,Large,UK,215915
Frontend Developer,2,Bachelor,18,Media,Large,USA,192350
Product Manager,2,Bachelor,16,Manufacturing,Medium,USA,168341
Backend Developer,3,Diploma,15,Technology,Startup,UK,70281
Business Analyst,4,Master,11,Technology,Medium,Germany,117535
DevOps Engineer,2,Master,13,Finance,Large,Canada,177724
Frontend Developer,9,PhD,18,Manufacturing,Enterprise,Netherlands,196953
Frontend Developer,7,Diploma,8,Healthcare,Enterprise,USA,197423
Software Engineer,1,Bachelor,9,Technology,Medium,UK,136071
Software Engineer,3,Bachelor,11,Consulting,Large,USA,174438
Frontend Developer,5,Master,17,Healthcare,Large,USA,248221
Software Engineer,8,Bachelor,1,Manufacturing,Large,USA,240451
Backend Developer,4,Bachelor,11,Technology,Medium,India,35561
Data Analyst,8,Bachelor,7,Media,Enterprise,USA,198111
Software Engineer,6,Bachelor,8,Media,Small,USA,166391
DevOps Engineer,8,Bachelor,19,Finance,Medium,Singapore,166890
Frontend Developer,2,Diploma,4,Telecom,Small,USA,111328
Backend Developer,7,Diploma,4,Technology,Large,India,44859
Backend Developer,4,Master,19,Manufacturing,Startup,USA,164928
Backend Developer,10,Bachelor,9,Consulting,Startup,Australia,187405
Software Engineer,2,Bachelor,17,Technology,Startup,USA,142084
Software Engineer,6,Diploma,18,Technology,Large,USA,170761
DevOps Engineer,5,Bachelor,1,Healthcare,Small,UK,137727
Software Engineer,4,Bachelor,14,Technology,Large,Australia,152575
Software Engineer,3,Bachelor,4,Healthcare,Medium,India,39013
Product Manager,3,Bachelor,10,Finance,Medium,USA,230956
Software Engineer,15,Bachelor,14,Technology,Enterprise,UK,257839
Frontend Developer,4,Bachelor,7,Retail,Enterprise,USA,165754
Frontend Developer,14,Bachelor,12,Retail,Enterprise,Singapore,228205
Frontend Developer,4,Bachelor,16,Manufacturing,Large,UK,137290
AI Engineer,5,Bachelor,5,Finance,Medium,India,63021
Backend Developer,5,Bachelor,11,Government,Medium,UK,117166
Backend Developer,14,PhD,4,Healthcare,Medium,UK,189801
Data Scientist,9,Bachelor,13,Technology,Large,Australia,223103
Data Scientist,3,Bachelor,8,Telecom,Large,India,63721
Data Analyst,1,PhD,7,Manufacturing,Large,USA,230054
Software Engineer,3,Master,11,Technology,Small,Canada,101704
Data Scientist,12,Master,11,Technology,Large,UK,302056
Data Analyst,1,PhD,17,Manufacturing,Large,USA,123051
Data Analyst,1,High School,14,Technology,Large,India,25000
Data Scientist,2,Diploma,2,Technology,Medium,Sweden,108821
Backend Developer,2,Diploma,20,Consulting,Startup,USA,115779
Data Analyst,2,Bachelor,8,Consulting,Enterprise,India,41396
Software Engineer,0,Bachelor,2,Technology,Large,Sweden,144942
Data Analyst,5,Bachelor,15,Retail,Enterprise,Australia,143024
Machine Learning Engineer,6,Bachelor,5,Retail,Enterprise,Sweden,239655
Software Engineer,4,Bachelor,6,Consulting,Large,USA,150827
Machine Learning Engineer,1,Bachelor,17,Technology,Medium,Canada,187524
Cybersecurity Analyst,2,Bachelor,8,Retail,Enterprise,Netherlands,167697
Frontend Developer,6,Master,19,Healthcare,Large,UK,157547
Software Engineer,7,Bachelor,5,Education,Medium,India,55724
DevOps Engineer,0,Bachelor,19,Technology,Large,India,45946
Backend Developer,5,Bachelor,14,Government,Large,Germany,192874
Software Engineer,2,Bachelor,10,Finance,Small,USA,126140
Cloud Engineer,4,Bachelor,13,Technology,Large,Germany,141344
Backend Developer,1,Bachelor,5,Technology,Large,UK,120523
Software Engineer,0,Bachelor,7,Finance,Large,India,43381
Software Engineer,4,Bachelor,10,Technology,Large,USA,128082
Software Engineer,4,Diploma,11,Education,Startup,USA,68490
Software Engineer,2,PhD,3,Media,Small,India,40278
Software Engineer,13,Bachelor,13,Healthcare,Large,Netherlands,205825
Software Engineer,2,Bachelor,2,Technology,Large,Netherlands,126969
Cybersecurity Analyst,2,Bachelor,4,Retail,Large,USA,143113
Software Engineer,5,Bachelor,3,Media,Large,Sweden,108515
Software Engineer,4,Bachelor,15,Healthcare,Large,Canada,150993
Frontend Developer,2,Master,4,Technology,Enterprise,UK,164445
Software Engineer,6,Bachelor,4,Technology,Large,India,50945
Frontend Developer,6,Bachelor,15,Technology,Enterprise,India,55140
Software Engineer,5,Bachelor,6,Technology,Startup,Netherlands,102893
Software Engineer,5,Bachelor,5,Consulting,Enterprise,Sweden,153430
Software Engineer,4,Bachelor,12,Finance,Medium,UK,158467
Business Analyst,4,Master,7,Technology,Large,Netherlands,103914
Data Analyst,1,Bachelor,3,Consulting,Large,USA,115983
Software Engineer,5,PhD,7,Technology,Small,UK,119107
Software Engineer,9,Bachelor,12,Healthcare,Large,UK,160128
Software Engineer,5,Bachelor,15,Healthcare,Large,India,52364
Software Engineer,3,Diploma,19,Finance,Large,USA,170190
Software Engineer,9,PhD,6,Technology,Large,Canada,227982
AI Engineer,5,Diploma,8,Technology,Large,USA,191199
Data Analyst,2,Bachelor,6,Finance,Medium,USA,107701
Software Engineer,9,Master,3,Retail,Medium,USA,253187
Frontend Developer,3,Bachelor,5,Manufacturing,Medium,UK,98038
Frontend Developer,1,Master,9,Healthcare,Enterprise,Sweden,175199
Software Engineer,2,Bachelor,16,Technology,Enterprise,USA,186400
Software Engineer,3,Bachelor,16,Technology,Large,Netherlands,128314
Data Analyst,1,Bachelor,9,Consulting,Large,USA,142595
Software Engineer,11,Diploma,18,Technology,Enterprise,Netherlands,105349
Software Engineer,0,Diploma,13,Technology,Large,USA,156925
Software Engineer,7,Diploma,11,Media,Medium,India,55525
Frontend Developer,6,Bachelor,10,Technology,Large,USA,224468
Business Analyst,5,Diploma,10,Consulting,Medium,UK,54638
Frontend Developer,6,Bachelor,6,Technology,Enterprise,USA,221865
Frontend Developer,4,Master,16,Telecom,Medium,UK,181499
Software Engineer,7,High School,12,Media,Large,USA,181484
Frontend Developer,4,Bachelor,4,Technology,Medium,India,29716
DevOps Engineer,3,Bachelor,5,Technology,Enterprise,Sweden,192932
Product Manager,1,Master,2,Consulting,Large,USA,277526
Software Engineer,6,Master,19,Finance,Enterprise,USA,248822
Backend Developer,6,High School,1,Finance,Enterprise,Germany,96149
Software Engineer,4,Bachelor,4,Technology,Medium,Singapore,147560
Software Engineer,8,Bachelor,12,Technology,Enterprise,Sweden,202793
Backend Developer,10,Bachelor,2,Manufacturing,Small,India,40254
AI Engineer,3,Master,12,Government,Medium,USA,192415
Software Engineer,7,Bachelor,16,Finance,Large,India,58047
Data Analyst,1,Diploma,2,Technology,Medium,India,25000
Business Analyst,5,Bachelor,17,Education,Large,Canada,126016
Backend Developer,4,High School,2,Finance,Startup,Canada,113869
Software Engineer,8,PhD,4,Technology,Small,India,37736
Business Analyst,3,Master,6,Telecom,Medium,Germany,113464
Software Engineer,10,Bachelor,7,Finance,Enterprise,USA,268294
Software Engineer,4,Bachelor,15,Manufacturing,Medium,Canada,139774
Cloud Engineer,1,Diploma,20,Technology,Medium,USA,139455
Frontend Developer,1,Diploma,12,Manufacturing,Enterprise,India,30410
Machine Learning Engineer,8,Master,5,Consulting,Small,Australia,150750
Frontend Developer,1,Bachelor,14,Technology,Large,Singapore,86798
Business Analyst,6,Master,16,Retail,Large,USA,179167
Software Engineer,7,Diploma,11,Finance,Large,USA,167283
Software Engineer,2,Bachelor,12,Technology,Large,Singapore,145126
Software Engineer,5,Bachelor,19,Technology,Small,India,34243
Software Engineer,13,Diploma,17,Technology,Medium,USA,165505
AI Engineer,4,High School,7,Technology,Medium,USA,183703
Frontend Developer,1,Diploma,9,Education,Small,India,25000
Machine Learning Engineer,2,Master,14,Technology,Enterprise,UK,207370
AI Engineer,14,PhD,20,Government,Medium,USA,350000
Product Manager,8,Bachelor,12,Technology,Medium,USA,205069
Data Scientist,1,Bachelor,15,Education,Large,Sweden,160134
Software Engineer,10,Bachelor,12,Manufacturing,Medium,India,60504
Data Scientist,10,High School,13,Technology,Medium,USA,224712
Software Engineer,3,Bachelor,9,Technology,Small,UK,101712
Software Engineer,1,Bachelor,7,Consulting,Enterprise,USA,176137
Backend Developer,9,Diploma,1,Media,Medium,USA,210394
Data Analyst,15,Bachelor,10,Finance,Enterprise,India,61859
Data Scientist,2,Bachelor,6,Telecom,Large,India,64564
Frontend Developer,8,Diploma,15,Consulting,Enterprise,Remote,152089
Data Scientist,2,Diploma,15,Technology,Large,UK,119409
DevOps Engineer,2,Master,9,Finance,Enterprise,USA,235749
Data Scientist,5,Bachelor,13,Healthcare,Large,USA,250368
DevOps Engineer,2,Master,1,Healthcare,Large,USA,203039
Cybersecurity Analyst,4,PhD,9,Technology,Large,UK,175754
Cybersecurity Analyst,11,Bachelor,3,Telecom,Medium,Sweden,217666
Data Scientist,1,Bachelor,9,Technology,Medium,Netherlands,121883
Backend Developer,8,Bachelor,20,Government,Large,Canada,143195
AI Engineer,5,Diploma,15,Healthcare,Enterprise,USA,195664
AI Engineer,6,High School,7,Technology,Enterprise,Canada,299680
Data Analyst,5,Master,4,Technology,Large,USA,228868
Data Analyst,12,Bachelor,20,Technology,Large,USA,147024
Software Engineer,6,High School,17,Healthcare,Enterprise,UK,125078
Software Engineer,3,Master,4,Media,Medium,USA,242270
Data Scientist,5,PhD,19,Healthcare,Enterprise,India,67191
DevOps Engineer,3,Bachelor,5,Finance,Large,Remote,194698
DevOps Engineer,2,Bachelor,16,Healthcare,Small,UK,148440
Backend Developer,10,PhD,3,Manufacturing,Large,USA,147486
Frontend Developer,3,Bachelor,11,Technology,Medium,India,34144
Backend Developer,0,Diploma,15,Technology,Large,India,29188
Business Analyst,6,PhD,19,Telecom,Large,India,30517
Frontend Developer,3,Master,14,Education,Large,USA,229434
DevOps Engineer,13,Bachelor,16,Technology,Large,UK,216012
Data Scientist,7,Bachelor,6,Finance,Startup,USA,168702
Machine Learning Engineer,13,Bachelor,5,Finance,Enterprise,UK,275432
Frontend Developer,8,Bachelor,17,Healthcare,Large,USA,245740
Data Scientist,10,Diploma,16,Education,Enterprise,USA,271056
Software Engineer,6,Bachelor,2,Technology,Enterprise,Canada,168438
Frontend Developer,9,Bachelor,11,Technology,Startup,Canada,137802
Product Manager,2,High School,4,Finance,Medium,USA,153035
AI Engineer,8,Diploma,6,Finance,Startup,UK,175483
Software Engineer,1,Bachelor,7,Healthcare,Large,USA,158008
Backend Developer,4,Master,17,Technology,Startup,India,48382
Data Analyst,3,Bachelor,8,Healthcare,Medium,India,27874
AI Engineer,6,Bachelor,1,Finance,Enterprise,UK,288472
Frontend Developer,3,PhD,15,Healthcare,Medium,USA,148774
Software Engineer,1,Master,20,Consulting,Medium,India,33887
Backend Developer,1,Master,12,Finance,Large,Australia,120480
Machine Learning Engineer,1,Bachelor,15,Technology,Large,USA,193448
Software Engineer,6,Bachelor,15,Technology,Enterprise,USA,217708
Data Analyst,6,Bachelor,9,Technology,Medium,USA,105250
Data Analyst,3,PhD,16,Healthcare,Enterprise,USA,181457
Data Analyst,6,Bachelor,2,Consulting,Small,Australia,99041
Backend Developer,4,Bachelor,15,Finance,Large,UK,112077
Frontend Developer,6,Diploma,15,Technology,Large,Germany,110782
Cybersecurity Analyst,4,Bachelor,7,Technology,Startup,USA,172715
Backend Developer,8,Bachelor,13,Finance,Small,UK,116519
Cloud Engineer,2,Bachelor,17,Healthcare,Enterprise,USA,185404
Cloud Engineer,0,Bachelor,11,Technology,Large,USA,191025
Backend Developer,4,PhD,10,Technology,Medium,USA,240566
Data Scientist,5,Bachelor,1,Technology,Startup,Netherlands,139057
Software Engineer,1,Master,14,Finance,Medium,India,38471
Backend Developer,2,Master,5,Technology,Large,UK,139025
AI Engineer,7,Bachelor,8,Retail,Large,Germany,239713
Machine Learning Engineer,7,High School,1,Technology,Large,Australia,208211
Backend Developer,4,Bachelor,7,Technology,Startup,USA,116039
Software Engineer,1,Bachelor,2,Technology,Small,USA,135112
Data Analyst,7,Bachelor,7,Healthcare,Medium,Australia,103233
Software Engineer,5,Bachelor,7,Technology,Medium,Netherlands,117616
Software Engineer,3,Master,9,Telecom,Large,USA,187508
Data Analyst,9,High School,4,Manufacturing,Small,USA,110538
Cybersecurity Analyst,0,Bachelor,7,Telecom,Medium,USA,143567
Business Analyst,4,High School,20,Finance,Small,Singapore,64231
Data Analyst,7,Master,18,Technology,Startup,USA,144510
Cybersecurity Analyst,1,Bachelor,13,Finance,Medium,USA,154154
Software Engineer,1,High School,11,Technology,Startup,India,25000
Data Analyst,14,Master,9,Retail,Medium,Canada,203392
DevOps Engineer,7,Bachelor,14,Education,Medium,USA,199689
Data Analyst,12,High School,8,Government,Medium,Australia,112262
Product Manager,9,Master,14,Consulting,Large,India,94950
Software Engineer,6,Bachelor,17,Healthcare,Small,Singapore,132643
Data Analyst,15,Bachelor,14,Technology,Medium,USA,186255
Software Engineer,5,Bachelor,5,Finance,Enterprise,India,60878
Software Engineer,4,Bachelor,10,Technology,Enterprise,USA,243925
Backend Developer,9,High School,6,Technology,Large,India,28871
Frontend Developer,9,Bachelor,10,Education,Large,India,67825
DevOps Engineer,6,PhD,11,Technology,Medium,India,75286
Frontend Developer,3,Master,6,Telecom,Large,Netherlands,118771
DevOps Engineer,9,Master,10,Technology,Medium,USA,240811
Backend Developer,3,Master,14,Healthcare,Enterprise,UK,200299
Software Engineer,5,Master,20,Technology,Small,USA,139226
Backend Developer,2,Bachelor,3,Technology,Large,USA,307683
Machine Learning Engineer,2,Bachelor,7,Technology,Large,UK,176638
Data Analyst,4,Master,2,Consulting,Medium,USA,123928
DevOps Engineer,6,Master,7,Finance,Large,UK,232084
Software Engineer,15,Bachelor,17,Consulting,Large,USA,266416
Backend Developer,2,Bachelor,13,Finance,Large,USA,178910
Cloud Engineer,5,Bachelor,9,Government,Medium,Singapore,148359
AI Engineer,4,Bachelor,13,Finance,Large,India,78645
Cloud Engineer,6,High School,15,Consulting,Large,Germany,162189
Software Engineer,3,Master,13,Technology,Startup,USA,146158
Business Analyst,7,Master,17,Consulting,Enterprise,Germany,119275
Product Manager,2,PhD,8,Technology,Large,Sweden,199659
Cybersecurity Analyst,4,Master,9,Finance,Large,India,47950
Machine Learning Engineer,6,Bachelor,9,Consulting,Large,Netherlands,181851
AI Engineer,10,Bachelor,8,Telecom,Large,Remote,350000
Data Analyst,7,PhD,16,Healthcare,Large,Canada,185798
Frontend Developer,4,Master,20,Technology,Large,India,41519
AI Engineer,2,Master,7,Telecom,Medium,India,55406
Data Scientist,16,High School,17,Finance,Medium,Canada,211097
Data Scientist,2,Diploma,7,Finance,Enterprise,USA,350000
Data Analyst,1,Diploma,6,Finance,Medium,USA,98111
Frontend Developer,2,Bachelor,5,Technology,Enterprise,Sweden,126529
Software Engineer,1,High School,17,Technology,Enterprise,Remote,110043
Software Engineer,6,Master,8,Technology,Large,India,44622
Machine Learning Engineer,4,Master,1,Technology,Startup,Australia,163774
Data Analyst,4,PhD,16,Technology,Large,USA,152718
Data Analyst,4,Bachelor,17,Education,Enterprise,Germany,115552
Backend Developer,3,Master,3,Retail,Enterprise,USA,205761
Software Engineer,0,Bachelor,13,Technology,Large,USA,172588
Frontend Developer,9,High School,8,Technology,Medium,India,37244
Cybersecurity Analyst,3,PhD,16,Technology,Large,USA,169172
Data Analyst,1,Bachelor,7,Technology,Enterprise,Singapore,97862
Data Scientist,0,Master,15,Technology,Large,Germany,175129
DevOps Engineer,11,Master,2,Technology,Medium,India,83883
DevOps Engineer,3,Diploma,2,Finance,Startup,India,30455
DevOps Engineer,3,Bachelor,10,Healthcare,Large,India,57346
Data Analyst,6,Master,5,Technology,Small,Australia,149092
Software Engineer,3,Bachelor,4,Technology,Large,USA,202305
Data Analyst,1,PhD,15,Healthcare,Large,USA,137270
Backend Developer,2,Bachelor,13,Media,Startup,Singapore,126767
Software Engineer,5,Bachelor,17,Telecom,Enterprise,USA,202163
Data Scientist,2,High School,1,Technology,Small,Canada,87501
Backend Developer,2,Master,18,Finance,Enterprise,India,48557
Software Engineer,1,Bachelor,15,Telecom,Large,India,31067
Business Analyst,6,Bachelor,14,Government,Small,USA,78324
Data Analyst,5,Bachelor,9,Media,Medium,USA,146974
Software Engineer,6,Bachelor,12,Technology,Large,Australia,181011
Frontend Developer,4,Master,5,Finance,Medium,USA,186830
Backend Developer,3,Master,2,Retail,Medium,Remote,130180
Backend Developer,2,Diploma,7,Technology,Large,India,38891
Frontend Developer,3,Master,9,Consulting,Enterprise,USA,174458
Software Engineer,1,Bachelor,18,Telecom,Enterprise,Germany,145723
Data Analyst,5,Diploma,4,Technology,Enterprise,Australia,135843
Data Analyst,3,Diploma,2,Technology,Small,USA,87367
Business Analyst,9,Bachelor,1,Technology,Large,USA,187320
Software Engineer,4,Bachelor,12,Technology,Large,Germany,148269
Data Analyst,0,Bachelor,13,Technology,Enterprise,USA,121905
Frontend Developer,5,Bachelor,14,Technology,Large,USA,173658
Backend Developer,16,Bachelor,5,Technology,Enterprise,USA,219586
Software Engineer,6,Bachelor,3,Media,Medium,India,42978
Frontend Developer,8,Master,4,Technology,Medium,India,44861
Software Engineer,10,Master,17,Education,Enterprise,USA,287966
Software Engineer,2,Diploma,19,Technology,Small,India,27418
Backend Developer,4,Bachelor,11,Telecom,Medium,USA,118099
Data Analyst,2,PhD,8,Media,Large,USA,124050
Data Analyst,7,Bachelor,12,Healthcare,Large,USA,206310
Software Engineer,2,Bachelor,18,Technology,Large,Germany,95314
Data Analyst,4,High School,18,Finance,Medium,Singapore,83775
Data Scientist,7,Diploma,9,Manufacturing,Medium,USA,167378
Machine Learning Engineer,7,Master,5,Consulting,Large,UK,268610
Data Scientist,5,Bachelor,17,Manufacturing,Medium,India,60579
Software Engineer,10,Bachelor,13,Technology,Small,Singapore,151599
Software Engineer,7,Bachelor,6,Telecom,Small,India,43648
Frontend Developer,2,Bachelor,14,Consulting,Medium,USA,136888
AI Engineer,1,Bachelor,15,Technology,Small,USA,153685
Frontend Developer,2,Bachelor,14,Media,Medium,UK,109908
Frontend Developer,8,Bachelor,4,Finance,Large,India,52660
Software Engineer,6,Master,18,Telecom,Large,India,54790
Data Analyst,10,Bachelor,1,Consulting,Large,USA,145180
Machine Learning Engineer,6,Diploma,12,Technology,Large,Canada,184824
Software Engineer,8,Bachelor,9,Healthcare,Medium,Netherlands,143139
Software Engineer,5,Master,10,Technology,Startup,India,25000
Software Engineer,2,Bachelor,18,Media,Enterprise,USA,188463
Backend Developer,2,Master,17,Retail,Large,USA,149864
Software Engineer,2,Bachelor,19,Technology,Enterprise,USA,208213
Business Analyst,2,Master,4,Technology,Enterprise,Canada,88660
Software Engineer,10,Bachelor,16,Finance,Large,Germany,274358
Data Analyst,7,Bachelor,7,Technology,Enterprise,Singapore,128998
Data Analyst,4,Diploma,9,Media,Medium,India,25000
Data Scientist,6,PhD,8,Finance,Enterprise,Sweden,201227
Business Analyst,6,Bachelor,7,Technology,Medium,UK,120185
Software Engineer,11,Bachelor,10,Technology,Large,USA,293864
Data Scientist,3,Bachelor,8,Finance,Enterprise,USA,214662
Data Scientist,5,Diploma,17,Finance,Small,UK,87141
Software Engineer,8,Diploma,12,Technology,Enterprise,Germany,137489
Software Engineer,2,Bachelor,14,Consulting,Enterprise,USA,187629
Data Scientist,12,Master,12,Technology,Large,Canada,329858
Business Analyst,7,Diploma,2,Finance,Enterprise,UK,140591
Data Analyst,2,Master,12,Finance,Large,India,37211
Software Engineer,14,Diploma,14,Healthcare,Large,USA,314883
Frontend Developer,10,Master,7,Government,Enterprise,USA,327869
Cybersecurity Analyst,7,Bachelor,13,Finance,Enterprise,UK,227503
Backend Developer,0,PhD,4,Education,Enterprise,USA,210757
Data Scientist,3,PhD,1,Manufacturing,Large,Canada,185335
Data Scientist,5,Diploma,17,Consulting,Medium,Germany,163176
Data Analyst,5,Master,3,Technology,Enterprise,USA,206703
Data Scientist,5,Bachelor,17,Technology,Medium,UK,192879
Data Analyst,1,Bachelor,8,Government,Large,USA,148210
Frontend Developer,3,Bachelor,3,Technology,Enterprise,India,50263
Data Scientist,4,Bachelor,10,Telecom,Medium,USA,185012
Data Analyst,0,Diploma,2,Consulting,Large,Netherlands,62039
Frontend Developer,7,Bachelor,4,Finance,Large,India,50532
Frontend Developer,13,Bachelor,14,Manufacturing,Small,India,43430
Software Engineer,4,Bachelor,11,Manufacturing,Large,UK,152760
Software Engineer,7,Master,14,Finance,Enterprise,Canada,217737
Machine Learning Engineer,2,High School,13,Consulting,Large,USA,186186
Software Engineer,6,High School,4,Technology,Large,India,45089
Data Scientist,6,Diploma,2,Finance,Medium,Canada,143817
Backend Developer,9,PhD,2,Retail,Startup,USA,189338
Software Engineer,11,Bachelor,11,Technology,Enterprise,USA,264098
Frontend Developer,7,Diploma,5,Education,Medium,USA,211424
Data Analyst,2,Diploma,9,Healthcare,Enterprise,Sweden,96280
Software Engineer,2,Bachelor,20,Finance,Enterprise,USA,183941
Cybersecurity Analyst,11,High School,17,Consulting,Enterprise,India,52323
Software Engineer,1,Master,12,Healthcare,Medium,USA,171527
Frontend Developer,3,Bachelor,18,Technology,Enterprise,India,48615
Software Engineer,6,Diploma,3,Technology,Enterprise,Netherlands,171246
Backend Developer,12,Diploma,5,Consulting,Startup,USA,177711
Data Analyst,13,Diploma,20,Consulting,Large,Canada,186900
Data Scientist,0,Bachelor,14,Consulting,Medium,Sweden,119488
DevOps Engineer,5,Diploma,16,Retail,Enterprise,Germany,198738
Machine Learning Engineer,4,Bachelor,19,Technology,Small,USA,216960
Data Analyst,2,Bachelor,9,Technology,Enterprise,India,39455
Cybersecurity Analyst,0,High School,17,Telecom,Large,Germany,103983
Software Engineer,4,PhD,7,Technology,Large,Australia,241149
Cloud Engineer,1,Bachelor,10,Technology,Startup,Netherlands,117880
Business Analyst,6,Bachelor,4,Healthcare,Enterprise,Remote,142170
Cloud Engineer,5,Bachelor,10,Consulting,Enterprise,India,62240
Software Engineer,0,Master,3,Government,Enterprise,Netherlands,131710
Software Engineer,4,High School,9,Technology,Large,Remote,178594
DevOps Engineer,1,Bachelor,13,Technology,Medium,USA,184842
AI Engineer,5,High School,1,Finance,Large,USA,237009
Business Analyst,7,High School,15,Healthcare,Large,India,26046
Backend Developer,3,PhD,15,Technology,Large,Germany,186368
Frontend Developer,10,Master,11,Technology,Large,Netherlands,166632
Backend Developer,5,Bachelor,10,Technology,Medium,USA,118447
Software Engineer,4,High School,7,Healthcare,Large,USA,133982
Business Analyst,4,Master,1,Technology,Large,Canada,148892
Cloud Engineer,4,Master,7,Telecom,Medium,Sweden,118702
Data Analyst,4,Bachelor,5,Technology,Medium,USA,126453
Product Manager,1,Master,16,Government,Medium,Germany,172041
Data Scientist,12,Bachelor,8,Government,Enterprise,India,99770
Data Scientist,4,Bachelor,2,Government,Large,Remote,272203
Data Analyst,13,Master,8,Telecom,Medium,India,45302
Product Manager,7,Bachelor,14,Technology,Startup,UK,309371
Frontend Developer,4,Master,4,Retail,Large,USA,151122
Data Analyst,5,Master,15,Government,Medium,Canada,123246
Software Engineer,7,Bachelor,7,Technology,Large,Remote,152118
Software Engineer,9,PhD,20,Technology,Medium,UK,125055
Software Engineer,4,High School,8,Technology,Medium,USA,162421
Software Engineer,8,Diploma,11,Technology,Medium,USA,185797
Data Scientist,7,Bachelor,2,Technology,Enterprise,USA,350000
Cybersecurity Analyst,7,Bachelor,9,Consulting,Medium,Australia,133046
Software Engineer,8,Master,6,Technology,Small,Germany,126431
AI Engineer,3,Master,1,Education,Enterprise,India,63533
Cloud Engineer,11,PhD,3,Retail,Large,USA,307597
Software Engineer,6,Master,10,Media,Medium,USA,219563
DevOps Engineer,9,High School,5,Government,Large,Remote,193597
Cybersecurity Analyst,4,Master,12,Technology,Large,India,57848
Data Analyst,5,Bachelor,1,Retail,Enterprise,Netherlands,139702
Backend Developer,3,Diploma,9,Technology,Enterprise,USA,189614
Backend Developer,2,Diploma,13,Finance,Medium,Germany,79447
Data Analyst,4,Bachelor,19,Education,Large,USA,127354
Data Scientist,7,PhD,7,Consulting,Enterprise,USA,303335
Software Engineer,3,Bachelor,16,Media,Small,India,51701
Frontend Developer,1,High School,8,Consulting,Medium,USA,107417
Software Engineer,10,Bachelor,19,Media,Medium,Netherlands,162144
Software Engineer,1,Bachelor,7,Finance,Large,USA,181387
Frontend Developer,6,Bachelor,4,Finance,Large,India,40136
DevOps Engineer,14,Master,10,Technology,Large,India,92450
Data Analyst,25,Master,1,Technology,Small,UK,250983
Data Analyst,4,Diploma,17,Technology,Large,Netherlands,89028
Software Engineer,10,PhD,13,Manufacturing,Startup,USA,177266
Software Engineer,6,High School,19,Media,Large,USA,141761
AI Engineer,2,Diploma,13,Education,Large,USA,184280
Cybersecurity Analyst,4,Master,9,Technology,Medium,Sweden,112536
Machine Learning Engineer,3,Bachelor,5,Consulting,Medium,USA,173317
Software Engineer,9,Bachelor,1,Finance,Medium,USA,174589
Frontend Developer,14,Bachelor,2,Technology,Medium,Singapore,155466
Data Scientist,3,PhD,11,Technology,Large,India,48666
Product Manager,1,Diploma,4,Media,Medium,USA,167392
Software Engineer,5,High School,9,Manufacturing,Medium,Germany,119756
Software Engineer,2,Bachelor,5,Technology,Enterprise,USA,145091
Software Engineer,1,Bachelor,5,Technology,Medium,UK,141191
Data Analyst,2,Bachelor,8,Technology,Small,USA,80840
Software Engineer,2,Bachelor,2,Technology,Large,UK,153558
Software Engineer,6,Bachelor,7,Consulting,Large,India,54710
Business Analyst,7,Bachelor,17,Telecom,Enterprise,USA,173142
Frontend Developer,6,Bachelor,11,Finance,Medium,USA,143766
Frontend Developer,2,Master,15,Education,Startup,USA,96347
Business Analyst,2,Bachelor,3,Media,Medium,USA,91541
AI Engineer,4,PhD,13,Healthcare,Medium,USA,254706
Data Analyst,3,Bachelor,18,Technology,Enterprise,Sweden,137514
Cloud Engineer,5,Diploma,20,Telecom,Medium,USA,138450
Software Engineer,6,Diploma,20,Healthcare,Large,USA,188972
Cloud Engineer,4,Bachelor,3,Consulting,Large,UK,153808
Software Engineer,7,Bachelor,2,Manufacturing,Large,India,58008
Data Analyst,5,Diploma,5,Education,Enterprise,USA,91389
AI Engineer,7,Bachelor,20,Technology,Large,Canada,277387
Software Engineer,1,Bachelor,5,Telecom,Enterprise,Germany,139271
Machine Learning Engineer,1,Bachelor,13,Healthcare,Large,UK,191569
DevOps Engineer,2,Diploma,8,Telecom,Enterprise,India,42693
Backend Developer,9,Bachelor,16,Technology,Startup,USA,306103
Data Analyst,5,Master,18,Technology,Large,India,45820
Frontend Developer,3,Diploma,16,Healthcare,Small,UK,84876
Business Analyst,2,Diploma,1,Manufacturing,Enterprise,USA,114999
Data Scientist,7,Master,8,Consulting,Medium,USA,220834
Data Analyst,5,Bachelor,2,Consulting,Large,USA,128631
Backend Developer,1,Bachelor,5,Technology,Medium,India,29331
Product Manager,1,Master,15,Technology,Small,Remote,133962
Cloud Engineer,7,Bachelor,14,Technology,Enterprise,Germany,254667
Data Analyst,3,Bachelor,3,Technology,Medium,India,39390
Software Engineer,1,Bachelor,7,Media,Medium,Remote,104471
Data Analyst,1,Bachelor,4,Finance,Large,USA,132505
Cybersecurity Analyst,6,Master,11,Finance,Large,India,54872
Cloud Engineer,3,Bachelor,12,Healthcare,Medium,Remote,196362
Cybersecurity Analyst,8,Bachelor,15,Technology,Large,USA,222105
Data Analyst,5,Diploma,6,Technology,Enterprise,USA,137929
Product Manager,3,Bachelor,1,Consulting,Large,India,46268
Frontend Developer,4,Diploma,18,Technology,Large,Netherlands,81145
DevOps Engineer,15,Bachelor,14,Finance,Small,India,75382
Data Analyst,2,Bachelor,7,Media,Medium,USA,121510
Frontend Developer,10,Master,10,Government,Startup,India,51933
Data Scientist,7,Bachelor,9,Technology,Large,USA,230022
Software Engineer,3,Bachelor,2,Technology,Large,USA,181000
Software Engineer,7,PhD,8,Consulting,Enterprise,Germany,231172
Software Engineer,5,Bachelor,1,Finance,Enterprise,India,64488
Frontend Developer,4,Master,20,Telecom,Large,India,39695
Business Analyst,3,Diploma,2,Healthcare,Large,Australia,82775
Data Analyst,9,PhD,7,Technology,Startup,India,35246
Data Analyst,5,Bachelor,16,Finance,Enterprise,Canada,144000
Software Engineer,2,Master,4,Telecom,Large,India,53046
Backend Developer,4,Bachelor,17,Technology,Large,Germany,145517
Frontend Developer,1,Diploma,4,Finance,Startup,USA,91336
DevOps Engineer,3,Master,3,Education,Large,Canada,187565
Software Engineer,7,Bachelor,9,Technology,Small,Netherlands,163674
Machine Learning Engineer,2,Bachelor,15,Technology,Large,USA,248029
Data Scientist,19,PhD,20,Healthcare,Small,Remote,301330
Business Analyst,0,Diploma,3,Finance,Large,Remote,90559
Cybersecurity Analyst,3,Bachelor,12,Technology,Small,Netherlands,105386
Frontend Developer,7,Bachelor,15,Finance,Large,USA,164690
Data Analyst,1,Bachelor,20,Media,Enterprise,India,28185
Frontend Developer,7,Bachelor,8,Technology,Enterprise,Singapore,170095
Backend Developer,7,Master,12,Government,Enterprise,India,58658
Cloud Engineer,3,Bachelor,13,Manufacturing,Large,USA,167236
Backend Developer,2,Diploma,15,Education,Enterprise,USA,148957
Backend Developer,5,Bachelor,11,Manufacturing,Startup,USA,157916
Software Engineer,7,Bachelor,17,Media,Medium,Germany,135548
DevOps Engineer,2,Bachelor,12,Technology,Medium,USA,350000
DevOps Engineer,4,Diploma,20,Technology,Medium,USA,157408
Data Analyst,1,PhD,18,Healthcare,Enterprise,Germany,124297
Data Analyst,8,Bachelor,16,Manufacturing,Enterprise,USA,160601
Machine Learning Engineer,13,PhD,3,Retail,Large,UK,348053
Data Scientist,3,Bachelor,9,Telecom,Medium,Canada,145489
Software Engineer,2,Bachelor,7,Media,Enterprise,Germany,179876
Backend Developer,9,Master,19,Technology,Medium,Australia,184308
Software Engineer,9,Bachelor,5,Technology,Large,Germany,199670
Product Manager,7,Master,19,Technology,Large,USA,301435
Software Engineer,1,Bachelor,10,Technology,Large,Remote,171842
Frontend Developer,0,Bachelor,20,Technology,Startup,India,31543
Cloud Engineer,4,High School,12,Technology,Medium,UK,144884
Data Scientist,6,Bachelor,8,Telecom,Medium,Singapore,168253
Frontend Developer,3,Master,3,Technology,Small,India,32790
Software Engineer,9,Diploma,19,Consulting,Small,USA,130526
Software Engineer,2,Bachelor,11,Technology,Large,India,41375
Software Engineer,1,Bachelor,8,Consulting,Enterprise,Remote,197586
Data Scientist,3,Bachelor,13,Finance,Small,USA,126907
Backend Developer,6,Bachelor,10,Technology,Large,Canada,149278
Frontend Developer,2,Bachelor,18,Technology,Small,India,29296
Data Analyst,5,Bachelor,12,Technology,Large,USA,133575
Frontend Developer,4,Master,7,Finance,Large,Germany,135879
Frontend Developer,13,Bachelor,11,Telecom,Medium,India,70612
Software Engineer,8,Master,10,Education,Large,Canada,225644
Software Engineer,20,Master,3,Finance,Medium,USA,349832
Software Engineer,1,Master,7,Technology,Large,Canada,112682
Data Analyst,10,Master,4,Healthcare,Startup,USA,147692
Frontend Developer,0,Bachelor,8,Technology,Small,Canada,102317
Data Analyst,9,Bachelor,8,Consulting,Large,USA,233018
Data Analyst,1,Bachelor,6,Technology,Medium,USA,110459
Software Engineer,7,Bachelor,13,Consulting,Enterprise,India,54371
Backend Developer,5,PhD,12,Finance,Large,USA,229963
Backend Developer,6,Diploma,3,Government,Enterprise,Sweden,91648
Data Analyst,0,Bachelor,6,Technology,Medium,India,26066
Frontend Developer,7,Bachelor,19,Telecom,Medium,USA,147874
Backend Developer,1,High School,11,Finance,Large,India,32645
Data Analyst,13,Master,4,Healthcare,Medium,Germany,91987
Business Analyst,2,Bachelor,15,Technology,Medium,USA,94205
Data Analyst,3,Master,2,Consulting,Large,Singapore,117761
Software Engineer,10,Bachelor,15,Technology,Medium,USA,179428
Data Analyst,5,Diploma,17,Finance,Large,Singapore,88283
Backend Developer,5,Master,2,Technology,Small,Netherlands,132427
Software Engineer,6,Bachelor,7,Technology,Large,Australia,177635
Software Engineer,2,Diploma,16,Finance,Medium,India,27997
Business Analyst,2,PhD,5,Finance,Medium,Remote,130711
Backend Developer,5,Master,16,Technology,Large,UK,186740
Machine Learning Engineer,14,Bachelor,19,Consulting,Enterprise,UK,312324
Product Manager,8,High School,2,Telecom,Large,India,44464
Cloud Engineer,8,Bachelor,15,Retail,Large,Sweden,118217
Cybersecurity Analyst,11,Master,4,Consulting,Large,Sweden,197976
Data Analyst,9,Bachelor,2,Consulting,Medium,USA,129439
Data Analyst,7,Bachelor,10,Technology,Enterprise,Canada,140450
Software Engineer,4,PhD,5,Technology,Large,USA,200986
Cybersecurity Analyst,2,Diploma,18,Telecom,Medium,USA,134074
Backend Developer,2,Diploma,4,Healthcare,Large,USA,161267
DevOps Engineer,10,Bachelor,1,Retail,Medium,USA,292604
AI Engineer,7,Bachelor,18,Technology,Enterprise,USA,323106
AI Engineer,0,High School,20,Healthcare,Large,USA,130614
Software Engineer,5,Diploma,6,Technology,Large,Netherlands,136915
Data Scientist,0,Bachelor,20,Finance,Medium,Remote,176572
Backend Developer,4,Diploma,20,Telecom,Large,India,28964
Cloud Engineer,9,Bachelor,14,Education,Enterprise,USA,338301
Software Engineer,7,Bachelor,10,Consulting,Medium,Singapore,119277
Software Engineer,3,Bachelor,18,Education,Startup,USA,148308
Data Analyst,5,Bachelor,9,Technology,Large,Germany,119074
DevOps Engineer,2,High School,12,Technology,Startup,Netherlands,86211
Product Manager,1,Master,10,Technology,Enterprise,USA,314306
Software Engineer,2,Bachelor,19,Technology,Medium,Canada,121207
Backend Developer,9,Diploma,6,Technology,Medium,USA,123651
Data Analyst,11,Bachelor,14,Education,Large,USA,189038
Data Analyst,9,Diploma,8,Manufacturing,Large,Germany,111590
Data Scientist,8,Bachelor,14,Technology,Enterprise,Singapore,242392
Backend Developer,1,Diploma,11,Technology,Large,Canada,128293
Software Engineer,4,Diploma,16,Technology,Large,USA,166248
Software Engineer,4,Diploma,20,Technology,Medium,USA,153384
AI Engineer,3,Bachelor,6,Technology,Enterprise,Remote,239128
Software Engineer,2,High School,15,Technology,Enterprise,USA,172090
Frontend Developer,5,Bachelor,15,Technology,Large,Germany,126162
Data Analyst,5,Bachelor,14,Technology,Enterprise,USA,149104
Software Engineer,3,Bachelor,12,Consulting,Large,Remote,184160
Software Engineer,12,Bachelor,2,Technology,Large,Remote,181638
Frontend Developer,3,Bachelor,8,Finance,Large,UK,143322
Software Engineer,4,Bachelor,19,Technology,Large,Canada,167872
Data Analyst,1,Diploma,14,Technology,Small,USA,76569
Software Engineer,8,Diploma,5,Retail,Medium,India,61539
Backend Developer,10,High School,9,Technology,Startup,Canada,128753
Product Manager,1,Bachelor,13,Technology,Small,USA,164595
DevOps Engineer,6,High School,9,Finance,Large,Germany,133655
Machine Learning Engineer,3,Diploma,14,Finance,Large,USA,178698
Backend Developer,8,Bachelor,5,Finance,Startup,Australia,140126
Data Scientist,5,Bachelor,2,Technology,Enterprise,India,67612
Data Scientist,5,Bachelor,7,Healthcare,Medium,Germany,159366
Data Analyst,5,Master,16,Technology,Large,USA,174082
Data Analyst,14,Master,11,Consulting,Enterprise,USA,225949
Software Engineer,1,Bachelor,11,Technology,Enterprise,UK,150895
Data Analyst,0,Master,12,Technology,Medium,Netherlands,76604
Software Engineer,8,Bachelor,13,Technology,Enterprise,USA,268721
Software Engineer,1,Bachelor,8,Technology,Medium,Germany,77426
Business Analyst,8,Bachelor,16,Education,Startup,Germany,120005
Business Analyst,7,High School,1,Healthcare,Enterprise,India,26971
Data Analyst,2,Master,13,Government,Enterprise,USA,128209
Data Analyst,23,Bachelor,11,Healthcare,Large,India,63876
Data Scientist,12,Master,4,Technology,Small,USA,286705
Machine Learning Engineer,4,High School,4,Consulting,Medium,India,49834
Data Analyst,5,Bachelor,15,Technology,Enterprise,Canada,155973
Business Analyst,10,High School,3,Technology,Large,India,33821
Software Engineer,1,Diploma,19,Consulting,Startup,Australia,91354
Software Engineer,6,Diploma,2,Finance,Startup,Canada,135766
AI Engineer,4,Bachelor,6,Technology,Medium,India,76177
Software Engineer,12,Bachelor,8,Technology,Medium,India,58491
Backend Developer,0,Master,17,Finance,Medium,Remote,142271
Product Manager,6,Diploma,5,Manufacturing,Startup,India,39712
Data Scientist,1,Bachelor,2,Technology,Large,USA,188191
Software Engineer,6,Bachelor,12,Technology,Enterprise,Australia,230580
Product Manager,5,Master,5,Healthcare,Enterprise,USA,234566
Cybersecurity Analyst,5,Bachelor,10,Technology,Enterprise,USA,155745
Software Engineer,8,Bachelor,9,Finance,Enterprise,Australia,223009
Data Analyst,7,Bachelor,20,Consulting,Large,Sweden,143247
Frontend Developer,2,Bachelor,8,Technology,Medium,USA,146973
Frontend Developer,0,Bachelor,1,Retail,Enterprise,India,41400
Data Analyst,0,Master,6,Technology,Large,USA,141902
Software Engineer,2,Bachelor,11,Technology,Large,India,44105
Data Analyst,5,Bachelor,3,Healthcare,Large,Netherlands,116386
Data Scientist,4,Bachelor,15,Government,Enterprise,UK,223353
Machine Learning Engineer,5,Bachelor,11,Consulting,Medium,UK,131105
AI Engineer,10,Diploma,5,Technology,Small,Canada,116202
Product Manager,3,Diploma,16,Finance,Startup,India,28859
Software Engineer,8,Bachelor,7,Consulting,Startup,India,39683
DevOps Engineer,5,Bachelor,6,Technology,Enterprise,India,55695
Software Engineer,11,Master,9,Technology,Large,Singapore,282738
Cybersecurity Analyst,5,Bachelor,7,Technology,Startup,USA,175507
Software Engineer,13,Bachelor,3,Technology,Medium,India,60720
Backend Developer,7,Bachelor,11,Media,Medium,USA,166535
Software Engineer,9,Bachelor,12,Consulting,Enterprise,India,69093
DevOps Engineer,3,Bachelor,11,Technology,Enterprise,Remote,153323
DevOps Engineer,11,PhD,2,Technology,Medium,UK,204666
Data Scientist,14,Bachelor,1,Government,Startup,USA,260972
Software Engineer,7,Bachelor,2,Finance,Large,India,49883
Software Engineer,4,Bachelor,14,Technology,Large,USA,134094
Backend Developer,10,Bachelor,13,Technology,Enterprise,USA,309363
Software Engineer,8,Master,5,Finance,Large,India,67134
Product Manager,16,Bachelor,2,Technology,Small,USA,340918
Cloud Engineer,7,Bachelor,19,Healthcare,Medium,India,49042
Frontend Developer,4,Diploma,17,Technology,Large,UK,159121
Backend Developer,5,Bachelor,11,Technology,Large,USA,218125
Backend Developer,2,Master,16,Retail,Enterprise,USA,243063
Frontend Developer,3,High School,20,Technology,Large,USA,138332
DevOps Engineer,0,Bachelor,18,Technology,Medium,USA,149707
DevOps Engineer,4,Master,20,Finance,Large,UK,178446
